Datetime,Text,Label
Mar-23,"@biverson64 Mr Brody, this is the Internet community, full of knowledge and google bits, tell us what you need and maybe we can help you out.",pos
Mar-23,.@OracleCloud Infrastructure grew 125% in India in the first half of fiscal year 2023 as #cloud adoption grows and enterprises choose between the best #multicloud and #hybridcloud options for their workloads. Oracle's Chris Chelliah shares more. https://t.co/Uql1HVB5QI,pos
Mar-23,Labor board decision could force Google to negotiate with YouTube contractors https://t.co/yNtEC7oXqu via @Verge,neg
Mar-23,"@PaulTopping @DrYohanJohn Precisely. Equally and alternatively, is there a way to encourage and train LLM's to crawl specific sites?

Google, and all the web spider, web crawler bots have been doing this for a long, long time; so as those versions of Chat",neg
Mar-23,@oracle_sleaze I clock that tea yesterday cardi was listening about that cosmetics brand,neg
Mar-23,@SunnyAnderson @FoodNetwork I‚Äôve never done that before ‚Äî is it just as simple as suspending it in some EVOO for a while?  I can google!!  TYVM ‚ô•Ô∏è,neg
Mar-23,"@BokuAkAmazing @trashgavin also said fuck it and gave yall the google doc link

enjoy üòà",neg
Mar-23,Google Messages preps redesign of voice recorder UI [Gallery] https://t.co/qyP1DryY5n,neu
Mar-23,@foreverkoos @twinkyjinmin yepüò≠ if u translate excited with google translation it translates to horny,neg
Mar-23,"Mac in a book.

By @WalterIsaacson
#apple #simple

https://t.co/GU5kesu8se",neu
Mar-23,It only took 3 months but shout out @Microsoft the real MVP. #2stepverification f**k you almost locked me out my shit for good. https://t.co/NZzYDiQode,neg
Mar-23,"@matrixroxxx @OpenAI Where have  you been ? It's already a thing.

@OpenAI  having trifling logistical issues. Chat has already changed millions of lives

Google's offering will be to OpenAI what Rumble is to YouTube. 

To be clear. They are having a spec",pos
Mar-23,"@phaltron @RedsRhetoric Oh, and in case you are in any doubt, Red has had so many live debates, even from Google Hangout days, to numerous lives on YT. Not once has any flerf bought any evidence, for their beliefs,to the table, ever, that Red hasn't debun",pos
Mar-23,"@QuiteBluish @lexiolvsu @sockoroni The courts are going to likely find the training of AI a fair use.  Many lawyers have stated as such.  There are even cases that may offer precedent for the use being fair.  See Perfect 10 v. Google and Author's Guild, I",neg
Mar-23,"@VixenIndian @ergoemu Lady if you think a guy capable of getting hired at Microsoft will have trouble getting hired elsewhere then you don't know what the guy's worth. I guess you're right, it's best for the guy she gets out his life.",neg
Mar-23,"""Outdoor living and terms like ""hardscape"" are usually mostly...""

Read more via our Google Update linked below.

https://t.co/1NSIRYKrwo

#Hardscape #Atlanta 
#Hardscape_Atlanta 
#HardscapeAtlanta https://t.co/9xQ5lER6IP",neu
Mar-23,"Not sure where this came from originally, but on a run today this came to the front of my mind, and had to go look up the old google doc I had to get the full poem.

This was brought to me during the most impactful years of my life, and is still something I try to live by",pos
Mar-23,"@GuestDudeTheDu1 got me this bad boy over here off amazon im pretty sure if you look up ""amazon apple pen"" this is the first thing you will see, its pretty cheap around 20 bucks https://t.co/Pyxjqmo3mG",pos
Mar-23,@_Outliergirl @declanblaine @DDfarmerette @lisahsmithlhs Hey apple! Lol,neu
Mar-23,@thepenaltydrop @StinaSternberg At this point these unethical ‚Äúgolf media personalities‚Äù tweet whatever they want even when there is plenty of proof to be found in just a simple google research that what they are writing is a LIE.  No shame!,neg
Mar-23,"@_AfricanUnion #ControlAfricanNarratives:  Africans do not need Facebook, Twitter or Google.  Set up your own Media Platforms.  Western Media is in Africa to extract information to use against Africa worldwide. This is the new method of COLONIZATION witho",pos
Mar-23,@StockMKTNewz Steve Jobs must be really upset. Apple Sells you a service &amp; the same Regurgitated Devices. Where's the Innovation?,neg
Mar-23,@bunnnybandz Apple out,neu
Mar-23,I was charging my Apple Watch‚Ä¶‚Ä¶. But guess who didn‚Äôt turn on the  switch ü´¢ü´¢ü´¢ü´¢,neg
Mar-23,@polak_jasper Yeah - Microsoft is really growing the AI product line. Good on them moving fast with this!,pos
Mar-23,match stopped for 20 seconds because Carlito couldn't find his apple,neu
Mar-23,"·Ö†
trying to eat an entire apple 
in one bite
·Ö†",neu
Mar-23,@jaydenatlanta I just left them a one star review on Google Maps. ü§åüèº,neg
Mar-23,@CharityRegina_ @_OhKhayy_Nae Lmaooo listen this has been me for weeks it finally worked today lol let it update while your sleep put them both on the charger I went to the Apple Store and everything which was a waste of time,neg
Mar-23,Beatlejazz - Another Bite of the Apple - Michelle,neu
Mar-23,"Now Playing on #PacificCoastFM
Funkisch - Gonna Be Somebody
""Hey Google, ask Pacific Coast FM to play my Radio!""
https://t.co/qc4D4JXBzE
Audacy ‚¨áÔ∏è https://t.co/7k1qPGoWjb
myTuner Radio ‚¨áÔ∏è https://t.co/0foBb2NrvL https://t.co/47oye9aUWf",neu
Mar-23,"@MrNewYorkCityy You're playing at MSG!!! 
You represent Kstate so well and we are so proud of you! I've never been happier for a player. You make the Big Apple,  Little Apple and all the rest of Wildcat Nation so proud üíú Congrats!",pos
Mar-23,"@abossgoose @chronicallybeee I like to think 99% of men wash their hands (maybe not very well) after a #2, but I don't want to Google research, lest the truth be appalling.",neg
Mar-23,"Microsoft announces generative AI-powered Copilot 365 to ‚Äòchange work as we know it‚Äô

https://t.co/6kzlpZ09wg https://t.co/KlYOfOjExg",pos
Mar-23,"@BlueBlistering It‚Äôs my family, you think I have to Google? If we knew your name, we could look into your history too. Bakwaas band kar.",neg
Mar-23,"#NowPlaying from Apple Music(iOS)
üéµLook at me‚ô°
üë§Happy Around!
üíøAround and Around - EP https://t.co/iaQDit1rom",neu
Mar-23,poodle - Google Search https://t.co/0UVKlEGWwu,neu
Mar-23,"I'm trying to free up space in my Google account.  Does anyone know: can I delete these ""thumbSegment"" files? https://t.co/MkjxqBd8mh",neu
Mar-23,"-Looks up on Google 'MikexJeremy' secretly- &lt;33 ;) [FnafSchimdt,MikeSchmit10,]#SenpaiBot~",pos
Mar-23,"Using google maps walk times (nyc)
‚úÖ Uni (5min)
‚úÖ Hospital (5min)
‚úÖ Schools (1min)
‚úÖ Supermarkets (1min)
‚úÖ Pharmacy (2min)
‚úÖ Library (13min)
‚úÖ Park (8min)
‚úÖ Bars (3min)
‚úÖ Corner Stores (2min)
‚úÖGym/Sports Center (2min)
‚úÖ Cinema (3min) https://t.co/MXccRp91QW",neu
Mar-23,"3 in 1 Charging Station for iPhone - Wireless Charger for Apple Products Multiple Devices
üì¢$29.99 (was $69.97) üëà

‚û°Ô∏èhttps://t.co/RwRevGWlqj

#amazondeals #Apple #giftideas https://t.co/vilsGVFd55",neu
Mar-23,"#Republican #MAGA #USA #TRUMP
My best playlist on Apple Music
üá∫üá∏
You‚Äôre welcome. üá∫üá∏
üá∫üá∏üá∫üá∏üá∫üá∏üá∫üá∏üá∫üá∏üá∫üá∏üá∫üá∏üá∫üá∏üá∫üá∏ https://t.co/BKWVIKqHhn",pos
Mar-23,"@GiftCurse @Leosdad1 @ClownWorld_ Ive watched friends smoke meth this way and slowly kill themselves. I don't need Google, junior. I've been around the world a bit.",neg
Mar-23,@CjethsYT @zackny18 @NYRStatsInfo U know about google right?,neu
Mar-23,ITS FINALLY ON APPLE MUSIC I WON https://t.co/Kp51RQhrAT,pos
Mar-23,"You can also listen to us on Google Podcast, Overcast, Amazon Podcast, iHeartRadio and soon so much more. Please continue to check out our Facebook and Twitter and please don't forget to ""Leave The Cobbler"". https://t.co/Djj2vsW54i",neu
Mar-23,i‚Äôm still tryna figure out why apple charging me all these damn charges üòï first it was 2.99 3.99 6.99 now these mfs tryna get me for 26 dollars wtf üòíüòí,neg
Mar-23,@SlangsOnSports you save me from ever having to use google!,neg
Mar-23,Google is change my life,pos
Mar-23,@balIdano the way she faked being dutch and said a slur in dutch cuz she google translated some stupid comment i hated her,neg
Mar-23,So happy that my Spartans are headed to the Big Apple üçéüèôÔ∏èüíöü§çüèÄüî•üî• literally two of my FAVORITE things üíöü§çüíöü§ç‚ò∫Ô∏è‚ò∫Ô∏è https://t.co/H82wRpVqr6,pos
Mar-23,"There's no need to leave Microsoft #Teams to present. You can share your Microsoft #PowerPoint slides right from your Teams meeting. üî•üé∂

Learn how: https://t.co/gP04lgWUz5
#Linked @MSEduANZ #MicrosoftEdu https://t.co/F2qZTl3JeB",neu
Mar-23,@robertsirc I was curious what ALP was. I don't know who handles the Suse documentation pages but the first 3 Google links and the internal docs search for Adaptive Linux Platform all fail. https://t.co/ba84KpnoIi,neg
Mar-23,"Now visit the page of one of their competitors. If you don't know who that is, you can Google it or ask ChatGPT. Do the same research on the competitor's pages.",neu
Mar-23,"@Jamie_IF works for visual niche like interior design.  and now its probably all filled with Midjourney images

i found several pins for coloring pages worksheets, templates rank high on google too",pos
Mar-23,@CelVera @DineshDSouza Google it. It is in his sworn deposition. Brainwashed MAGAs will never see the truth.,neg
Mar-23,@snoozeclock @RetButFr I got Google drives https://t.co/7u6QDTF5NF,neu
Mar-23,@CharzaBrother @MrNorris16 @ComicLoverMari Do these people just not know that you can search for porn on Google or something?,neg
Mar-23,"@imanumusic Apple is such a rip off , why is it the staple for music creation?",neg
Mar-23,(P.s. this is all written without autocorrect and at a fairly decent speed. Dont let your accuracy and cognitive ability turn to shit for temporary convenience just cuz some google or samsung wants you to be a hafl baked moron drone following what they want you to say),neg
Mar-23,"Ryan of the @GTDRockyPodcast  &amp; @ItsALongRoadTh1  &amp; @Doug from @RockyMinute 
 join forces and discuss the movie ""Above The Law""

Video Version https://t.co/dW6DozQcO6
Apple https://t.co/Gt1QFsKpKB
Spotify https://t.co/bszb1UFIoJ
Other https://t.co/kEu7OVsdP1 https://t.co/WBYKqSBVu0",neu
Mar-23,Apple Watch helps diagnose something it wasn't designed to find https://t.co/ETRPHoiXEs,neg
Mar-23,@consumertc I think some still use the same apple pie holder.,neu
Mar-23,"@elonmusk @EndWokeness Ever thing is racist these day just ask Google about any single item and how it is racist, there is some article written about it. It's honestly comedy at this point.",neg
Mar-23,@nkisaid yeah they got apple cider vinegar probiotics,neu
Mar-23,"@ItzMords @Its6ixszn @ChuckValorant @Leydrich1 @N1CKRICH @ThiccTeacup YouTube pays pretty well and allows donos and subs so I don‚Äôt think you know what you‚Äôre talking about. 

You never said anything about why he had YouTube in his bio? 

YouTube has ",neu
Mar-23,Thinking of offering free FAB coaching on stream kind of like what woohoojin does for valorant. Probably would be a nightly stream. If people are interested in this send me a pm. Would probably be going over vod reviews that I make a google form to go through,pos
Mar-23,@Mad_as_heII @OliLondonTV Let's celebrate real woman! White and black their taking job's from real woman who deserve it. Not some guy who craves attention ( Google the price is right) this was all part of the leftists to push a narrative with this man's a,neg
Mar-23,"@SomeOtherSara @Fender1974 Just because I didn't have time for you, poor baby. If you want to know what Trump did for this country just google his accomplishments. As far as ACA, Obama didn't even know what was in it when he signed it! Nobody did. And Bid",neg
Mar-23,Get an in-depth look at Augmented Reality from an @Oracle expert and see why #developers should learn more about it. https://t.co/gWq8qYrudD https://t.co/NvIoObyfrZ,pos
Mar-23,Get an in-depth look at Augmented Reality from an @Oracle expert and see why #developers should learn more about it. https://t.co/uO5BliXkOb https://t.co/pa6Yop1fsT,pos
Mar-23,My kids checked  my opinions with google now they are checking me with ChatGPT.  I‚Äôm still winning lol.,pos
Mar-23,@jacob466776 @btc8500 @Apple It has outside the U.S. !!,neg
Mar-23,"As a #Photographer, shooting for 47 years, I still retain somewhat of a #FilmDays #MindSet

I don‚Äôt depend on #Technology 2 do my job 4 me

Never used @instagram filter

Just used ‚Äúportrait mode‚Äù 4 1st time in @Apple‚Äô #Camera app

I ‚ù§Ô∏è result but will probably never use it again https://t.co/HMKT57PyNv",neg
Mar-23,"@jasontical @bobbyrobby20222 Exactly just the beginning.  More to come.  More value to be added over time.   This is like before Amazon , Tesla , Microsoft exploded in my opinion.  For some time it was stagnant then one day pewwwwwwwwwwwwn #launchpad",neg
Mar-23,"@Trollstoy88 @Blackrussiantv the second largest export is weapons - but you have to construct that yourself - it is never admitted (google US Arms Exports and then Google ""Top US exports) - arms are not mentioned in US exports - yet they are around 200 Bi",neg
Mar-23,"You can currently listen to us from the links below:

Spotify: https://t.co/7vFUR1mtb6

Anchor: https://t.co/jkfXkPbDUV

Apple Podcast: https://t.co/It87u5GXgi https://t.co/gca7AflPLJ",neu
Mar-23,"Looking forward to the Azure Data Services Meetup on Wed at 5:30pm AEST. Join us in Brisbane or online. Our speaker is Tony Hartigan.

https://t.co/FANUBMZszB 

#PowerBI #Microsoft #Businessintelligence #Excel #MVPBuzz #Office365 https://t.co/t3avCIDX8u",pos
Mar-23,@friendlykitties Apple for the big view.,pos
Mar-23,"@CNN DA, Bragg, please Google ‚ÄúMike Nifong‚Äù and the ethical implications of trying to prosecute a case such as this.",neg
Mar-23,"@kelzthagreat It's great, positive development for sure...but I'm sorry...the last time I used a Microsoft browser, I was in middle school üòÇ",neg
Mar-23,"@EerjkMcRaeOF Solar? Ok google how to make a solar panel, in coal fired furnaces they fire quarts and coal together to make photovoltaic panels, there is no method to recycle unfortunately by 2050 the excess plastics from panels will outweigh ALL plastic ",neu
Mar-23,"@james_tribbey @The_Real_Fly The apple they are swapping are not existing apples, they print them",neu
Mar-23,"@hawks_on_top @JeffHolidayReal Doing a 2 second Google image search isn't digging up.

You trawling through videos to find a picture of someone's child is though",neg
Mar-23,"@douceurlady Hi, Love! What are you gonna do this Monday? Anw n'oubliez pas de manger votre repasü§ç (idk i stole it from Google translate to impress you)",pos
Mar-23,When did they make a jellyfish blue Apple Watch band AaaaAaaaaaa https://t.co/m752pywQIG,pos
Mar-23,"@susanhogarth We discussed this on Member Welxome Hangiut which was a google meetup and shared publicly. Obviously, not discussions about who is getting financial assistance, but this secrecy is very new.",neg
Mar-23,@reporter616 @TuckerCarlson Just searched Google for Ted Bundy happy.,pos
Mar-23,@remigq The apple puz$y one,neg
Mar-23,@SupremeVokul Google maps is the chromium of maps now. Lots of GPS services use it for a base. There's a huge difference between the ones that do and don't.,pos
Mar-23,@odetomedusa What‚Äôs that? I mean I could just Google it but I‚Äôm sure it has more meaning for you?,neu
Mar-23,"Congratulations to Tamara Greenspan, GVP and General Manager of Oracle Federal and Canadian Public Sector Applications, for being recognized as a winner of the 2023 Federal 100. https://t.co/MANxeu9i5G",pos
Mar-23,"Congratulations to Tamara Greenspan, GVP and General Manager of Oracle Federal and Canadian Public Sector Applications, for being recognized as a winner of the 2023 Federal 100. https://t.co/XImqoV4o2c",pos
Mar-23,"@TheFamousArtBR Maybe.. memory is very hazy.. I seem to remember they had little toys in too, like rubbery monsters for your finger tips. 

I could Google... But I'll end up in some weird 80s rabbit hole, where Parma Violets are nice still.. üòúü§£",neu
Mar-23,Why isn't there a way to set my phone so that if I google the symptoms of my illness for 5+ days it just automatically calls my doctor??,neg
Mar-23,"@pask987 Did you read the contents through auto translator, Google or DeepL?",neu
Mar-23,@CityBureaucrat He looks alot older and fatter in this than his Google Image results would suggest.,neg
Mar-23,Since when do they have Apple Jacks pop tarts üòÇ,neu
Mar-23,@anticlotshot @billmaher @librarycongress Google when the 2nd amendment was written and when the revolutionary war began and ended. Then google when America was created as a Nation; and why France is america's oldest ally. Please do not insult your intell,neg
Mar-23,Microsoft Working on New Ethereum Wallet Amid Foray Into Crypto and NFTs: Report - The Daily Hodl via BTCnews for iOS https://t.co/tIcNElcPAD,neu
Mar-23,"Our client is looking to fill the position of Senior Microsoft Trainer.

‚úÖÔ∏è Based in Centurion/Somerset Wes 
‚úÖÔ∏è Permanent or Contract position 
‚úÖÔ∏è Salary TBD 

Please email CV's directly to cvs@jcmconsultants.org 

#MicrosoftTrainer #MCT #TraintheTrainer https://t.co/I2wTkArI9W",neu
Mar-23,"@Mgwill @Charbax @elonmusk @POTUS @CommunityNotes A shockingly good idea lol. I wonder which mug is going to wake up in the morning to work their arse off to get a Microsoft, Apple, Amazon etc off the ground knowing they won't even be dead before the gove",neg
Mar-23,"WAIT google says i don't have to wait for day 1 of my period to start taking the pill, ok i'll give it another week and if there's still no sign i'll just start",neu
Mar-23,"Apple Music US albums
#11. Midnights (+1)
#30. Lover (+4)
#33. Folklore (+6)
#42. Reputation (+6)",neu
Mar-23,i found my apple pencil so my life is coming back together,pos
Mar-23,"@MaryOsward @mtaibbi Oh Mary,please Google and get back to us ....",neg
Mar-23,@TheRabbitHole84 It's crazy as hell how every company that gets involved with telling ppl how to think eventually fails. They open the doors for the competition they once dominated. At one time I figured Google untouchable. But in the last 4 years things ,neg
Mar-23,all my apple bills behind üòÇüòÇüòÇüòÇ,neg
Mar-23,@Dec_vs_Japan_ It has 5k reviews on Google. It‚Äôs a Sapporo hotspot.,pos
Mar-23,"@Stuntman_MIK3 The definition of full circle according to google ""return to a past position or situation, especially in a way considered to be inevitable"". Sounds like he's coming back. Key words returning to a past position.",pos
Mar-23,But no eye colour change ? üëÅÔ∏èüëÄ @Apple https://t.co/Ju1qSmhuI0,neu
Mar-23,"@Oldironsides_76 @DavidRosler4 @TulsiGabbard No, it was not! Google &amp; research the notes &amp; debates around the forming of the constitution. It is not a Christian Nation. That‚Äôs a lie, to keep the wool pulled over ppl‚Äôs eyes. Do your own researc",neg
Mar-23,@Gems_1000x get more hype as Google is also working &amp; set to release this monthüî•..waiting,pos
Mar-23,procure no google rapaz https://t.co/LVubzx6zwV,neu
Mar-23,"Google Introduces AI-Powered PaLM-E Robot Brain, Can Perform Tasks Without Needing to be Retrained #ArtificialIntelligence via https://t.co/lKdXFgfj6D https://t.co/0yTs8AT09i",neu
Mar-23,"Precinct: MASSILLON 6-D
Stark County, Ohio
Location on Google maps: https://t.co/OE0z87q6Gb https://t.co/g3UqETUAC0",neu
Mar-23,The only racist here is you hunnie. And also an idiot: google what spices actually are and only then tweet lol https://t.co/3Bx7l5aCFg,neg
Mar-23,Three/ Fifty/ IBM Seventy,neu
Mar-23,"@anythingbott ""People Whining about Microsoft""",neg
Mar-23,@HumansNoContext how do they know that the google car is coming,neu
Mar-23,144¬∞ - Chromecast with Google TV (HD) Ice White - Stream entertainment to TV - ¬£25.98 With Promotion / ¬£30.98 @ Amazon Italy https://t.co/MO8ancevcf,neu
Mar-23,A 'minimal toolbar experience' in Microsoft's Edge browser could mean you have more screen space without enabling full-screen mode. Do you prefer a less cluttered screen?  #MicrosoftEdge #MinimalToolbarExperience #ScreenSpace https://t.co/sB2ae4At3v,neu
Mar-23,@CorbinMontague What is your favorite? -lips brush your adams apple to distract you in all the best ways-,neu
Mar-23,@POTUS watched #TedLasso ?! @Apple https://t.co/Ilw1SSMpux,neg
Mar-23,@cuPcakeZmuZe @jamesmichaelb16 A black man that is not looking for the same qualities that a straight black man looks for. His stats are biased and flawed simple google search will show you. Other than 2% of black males are gay.,neg
Mar-23,"@ScavLive5Matter @OnepegMG @FredStreams Yeah my point wasn't that Mixer was offering similar incentives to join, but that even a platform backed by Microsoft, one of the biggest tech giants in the industry, failed to have long term staying power.",neg
Mar-23,@bruno_meduza Google trends,neu
Mar-23,me when I use image wrapping in a google doc: https://t.co/CaB5L8cPgd,neu
Mar-23,"i have like,  3 different google docs open,  seems like its been a wild week for the internet",neg
Mar-23,@mariseladee Okay so i definitely sent a google drive so that‚Äôs my fault üò≠ I‚Äôll just reach out to PR as well then,neu
Mar-23,@mortgage_oracle CA and NY doesn‚Äôt surprise me,pos
Mar-23,@Jenzzyuk I'm pretty sure it's on Apple tv. They didn't promote for it,neu
Mar-23,"@TravelWright33 @RandyRRQuaid Google Edward House. He was an adviser to Woodrow Wilson. House wrote a fictional book titled ""Philip Drul, Administrator. In it, it outlines the progressive endeavor to form and grow an administrative state. Trump is aligned",neu
Mar-23,"More skilling events will be coming soon!üî•üî•üî•üî•üî•  #Google #ChimeralandBeast #Highlights 
Original: BBlastocyst https://t.co/sPURe8buRq",neu
Mar-23,@amandaJeberly I do like the pencil and the apple. üôÇ,pos
Mar-23,@Elvenmonk That's exactly what I was telling her Bing is more reliable I still use google maps though if I need to find a place,pos
Mar-23,@MLGecko627 @danno_omen Isn‚Äôt that the Apple thing as well where people upgrade every year üòÖü§∑‚Äç‚ôÇÔ∏è why would PS put them day 1 when people will buy it on release? They smart in waiting to put it on PS+,pos
Mar-23,Fulcrum is a modern day oracle of Delphi a vessel for the demiurge,pos
Mar-23,"@jrocinha99 @HyapatiaLee Google these words and then apologize:

‚Äòwho was president in 1989‚Äô",neg
Mar-23,"Using Google Maps walk times (DE):
‚úÖUni (10 min)
‚úÖClinic (5 min) 
‚úÖSchools (10 min) 
‚úÖSupermarkets (7 min)
‚úÖPharmacy (5 min) 
‚úÖLibrary (5 min)
‚úÖPark (10 min)
‚úÖBars (1 min)
‚úÖCorner Stores (2 min) 
‚úÖGym/Sports Center (1 min)
‚úÖCinema (10 min)

based European living üòåüòå https://t.co/bltJVYK85f",neu
Mar-23,"When I first started photography &amp; videography, I had no idea what to charge clients. The first thing I did was google it. Although that put me in the right direction, it didn‚Äôt help much more than that‚Ä¶",neg
Mar-23,Just finished adding this to my new email OSINT tool. I need to make some adjustments for Apple ID still though.,neu
Mar-23,@KLCCC_DBKL @DBKL2u @ccm168 The challenge would be to clean up the side walk on the opposite side of this stretch of road also. We need to reclaim the sidewalks from home owners who have extended their gardens on public space. Also with google maps we don,neg
Mar-23,"@POETtech @CW_WDM_MSA What is google up to with their in house
mish mash?

https://t.co/BaTHEl0MG4",neg
Mar-23,the measure app is the greatest thing apple couldve done for these iPhones,pos
Mar-23,"I just made a play by Oracle, I feel like Steph baby",pos
Mar-23,"Had no idea Augustas Marƒçiulionis was on St.Mary's. Heard the announcer call his name then it took just 1 minute of seeing his body motion on the court to know he's the son of Sarunas. Moves just like him. Exactly.  Like.  Him. Apple don't fall far from the tree. 
#MarchMadness",neg
Mar-23,"@JakeKrisovitch @AlpacaAurelius @AdamYormark Google 3 sink method, almost all small restaurants do rhis.",neu
Mar-23,"@PeterOvo5 Lol.. Sony is desperate!? 
Yet Microsoft‚Äôs only option to ‚Äúcompete‚Äù is to buy the BIGGEST publisher as well as one of the MOST PROFITABLE franchises in all of gaming! Lol.. That‚Äôs wild",neg
Mar-23,"@Ma_Lika114 @_OhKhayy_Nae Smh meanwhile my shit been tryna install a update for the past THREE DAYS. 
They want me to say eff it and  upgrade sooo bad. Apple get on my mfn nerves!",neg
Mar-23,@less_soft_bird It's been bad for at least 5 years. The issue is now tons of people figured out the issues and have been abusing it more. These SEO/answers/malvertisements have been well documented since 2017 and Google refused to do anything about it,neg
Mar-23,"@RossWBermanIV @FBALL_Andrea Yep, this! Just use Google Authenticator, Authy, or the like",neu
Mar-23,"üçè PRICELIST PREMIUM APP  üçè

NETFLIX, MICROSOFT 365, VIU, YOUTUBE, DISNEY HOTSTAR, CANVA, VIDIO, KAHOOT, HBO GO, QUIZLET PLUS, STUDOCU,  SKILLSHARE, GRAMMARLY, SCRIBD, PICSART haha masuk ht mexico
#zonauang https://t.co/aNpNaVIYlx",neu
Mar-23,"@sondesix From what I‚Äôve seen, it‚Äôs good enough, and it hinders future innovation. It is good that Google is taking matters in their own hands as long term, they get more control and have potential to be above Snapdragon phones, not on par with them.",pos
Mar-23,@DailyReality__ @Apple They are slowly. iPads use C. Most Macs use C. I think it‚Äôs just AirPods and iPhones now.,neu
Mar-23,"How do you use Apple Pay?

I feel like it‚Äôs supposed to be intuitive, but I done had this $25 just sitting there for a minute now. And I want to use it.",pos
Mar-23,@soucekyoself Bad Sisters tonight on Apple - it's good! And just started reading Diane Cook's The New Wilderness.,pos
Mar-23,"@Alx17588250 @WhiteHouse Nope. Of course a google search would've told you that, so I'm assuming you don't actually care.",neg
Mar-23,"...only sus cuz i'm a man just let me b a sad pathetic traumatized old man in a perpetual midlife crisis. when i said ""shirtless teen boys"" i meant pics like this i found on google stuff that's been circulated in the community for decades not personal BCs or actual nude CP https://t.co/OM7udEtDdm",neg
Mar-23,@SassyRedhead38 @pepesgrandma @margie_teufel I am afraid to google FUPA üòÅü§¢,neg
Mar-23,@RepMTG @Matthewcooli Ukraine routinely impressions political rivals because it is the most corrupt government in the world. The United States is no longer the beacon of liberty to the world ‚Äì it is showing how corrupt the legal system has become. New Y,neg
Mar-23,@TurnstoneCapper @CamKnight_ Google a fake capper ‚ÄúI‚Äôm 60% I swear‚Äù that‚Äôs you lmfao. ‚ÄúI make 2 bets on 1 game so I never lose‚Äù that‚Äôs you. ‚ÄúI have multiple plays today‚Äù the proceeds to lose his bets and disappears LMFAO. Even other call,neg
Mar-23,Do you not realize google is woke and hiding you the truth!!  Not a good source. https://t.co/UEOw6pwOB6,neg
Mar-23,Microsoft Tests Web3 Wallet In https://t.co/PZbpOlKrX4,neu
Mar-23,"""C:\Program Files (x86)\Google\Chrome\Application\chrome.exe"" --incognito https://t.co/mrvzx4Upuv",neu
Mar-23,@unusual_whales Follow the trail of Congress who received campaign donations from META &amp; Google then see their stance on the TikTok ban. It should make sense then.,neg
Mar-23,"Episode 18 is up!
In this episode we discuss and review the highly anticipated 2023 release of Hogwarts Legacy!

Check it out:
Spotify: https://t.co/jDewgzTvcC

Apple: https://t.co/sVWDb88Og0

YouTube: https://t.co/s4GZYOAjZN

Art by @BabbyYammy https://t.co/ntvJBvdP2E",neu
Mar-23,Apple finally got their lil $2.99 from me. Fuck them fr üôÑ,neg
Mar-23,@chaupz729 @MWendell11 @VP Dude your facts are as easy as getting a fucking apple. Any of the shooting happened in any of those states? Like I said someone bought it for them. Will banning guns cut down on knife crime no or any other crime. Use common sen,neg
Mar-23,"@realJohnACastro @xSOLOxBLUEx Google, define  Beta male....
Here you go, this schmuck. https://t.co/JEZEfPYI5h",neg
Mar-23,lol lemme post on priv + upload to google photos and delete . WHY DO I TAKE SO MANY SCREENCAPS,neg
Mar-23,@GregCampNC @SoundsOfNyx @cannoli1000 @PhysicistTx @lDragonheartl @ShaneAnffyddiwr @TheArt4ulDodg3r @Paula_White @crazygodstory Neither can you all you have also is your won option and google searches same as me,pos
Mar-23,"Smoked glazed pecans with apple wood, glaze is brown sugar, honey, and cinnamon. Need to control the heat a little more, this was my first attempt. https://t.co/fMNX6tlZIH",neu
Mar-23,NOW PLAYING: Fiona Apple - I Know ‚ô™‚ô´Íí∞ÔΩ•‚ó°ÔΩ•‡πë Íí±‚ô´‚ô™,neu
Mar-23,@EvoIutlon @expensiveaccide Apple needs to go back and make an iPhone 9,neg
Mar-23,@53gaDr3amca5t i‚Äôve played the quake google chrome app,neu
Mar-23,"@PrinceZuko9222 Alright. Maybe I can help with the datasets.
I build webmaps [similar to google maps].",neu
Mar-23,"@WordGardener Old-style? I have an apple peeler and a corer, but now I‚Äôm really wondering if I‚Äôm missing out on something.",neu
Mar-23,Been vibin with the fig apple Red Bull all winter. But now that I can't find it anymore I just cracked an original again... damn this hits,neu
Mar-23,@Apple These smart phones are prohibitively expensive. They now cost an arm and a leg.,neg
Mar-23,@tandytyronee i just opened google docs to work on a fic and i am not having a live laugh love time,neg
Mar-23,@PEITRblog @lstchtexaco1 @cathyob1 @EdKrassen Google analogy!,pos
Mar-23,"@RoxyWright0 Pro tip: Don't Google ""shrimping""",neg
Mar-23,A #Dreamer Or A Doer: 10 Best #Quotes From #Apple #CEO #Tim #Cook https://t.co/8VW8Oc8X28 #businessblog #businessnews #businesstips #doer #massblog,neu
Mar-23,Congrats @IsmaelMassoud @MrNewYorkCityy @TheGreene40 @Nae_Ratty  glad you get to play in your hometown. Take the Little Apple to the Big Apple and enjoy playing in front of your family and friends. We üíú that you‚Äôre Cats!  #EMAW https://t.co/axoufXglT0,pos
Mar-23,"@TerminalCreache @WhoAreYou405 @TheInfiniteDude @okeefe_reborn Notice how Trump is shorter, even with his lifts

Also I love the casual implication that there's a Google conspiracy against Trump",neg
Mar-23,Google Parent Company Alphabet Makes Breakthrough in Quantum Computing https://t.co/sMxp6d6WnK,pos
Mar-23,@GYamey Expect to be flooded with this as Microsoft brings in 'copilot' using AI to enable powerpoint presentation by prompt. It's a new world for us puppy-refusing parents. üò¨,neg
Mar-23,"Some general steps for applying machine learning to SEO: ü§ñ
1-Define the problem: such as predicting search engine rankings or identifying the best keywords to target.
2-Collect data: Gather relevant data from various sources such as Google Analytics, Google Search Consoleüëá #seo",neu
Mar-23,Realized today that my last dog is my Avi on Google &amp; his predecessor is my Avi on 2 other sites. Anyone else do this??? https://t.co/4dpMHvjWpm,neu
Mar-23,"@samuel_costner @stunnastream11 @RespectfulMemes people can prove that 1+1=2 .
People can prove that if you throw an apple, it will always fall.
Can you prove that god exists?",neu
Mar-23,Just had to see Jumbo Josh x Banban fanart on google images i'm going insane,pos
Mar-23,Why does it annoy me to no end when I see comments like ‚Äúwell Eve shouldn‚Äôt have ate the apple‚Äù ‚Ä¶like your goofy ass really let the colonizer condition you into blaming women as a default,neg
Mar-23,@jamesvgingerich I'll believe it when #Apple claims it.,neu
Mar-23,Google will release a ‚Äúself-serve tool‚Äù to enable Stadia‚Äôs controllers to connect to other devices next week .....Please follow to show support..... https://t.co/njwX4t9L4Q,neu
Mar-23,"@pareras It's neat that AI hype is getting people to think more about trends that have been troubling for, in some cases, ~200 years.  (Need UBI due to industrial revolution etc.)

AI papers are a tiny bit of, what, our *daily* knowledge doubling?

Who co",neg
Mar-23,Google says hackers could silently own your phone until Samsung fixes its modems https://t.co/6l27Mtj02i https://t.co/PeXhlg5AFT,neg
Mar-23,@RadiantL1ght1 @JamesWo83871120 @bigshop_yudee @KCSocWiz @sportbible Oga only Manchester United have won d treble in England ü§£ü§£ u can google it.,neu
Mar-23,I‚Äôm happy to share that I‚Äôve obtained a new certification: Analyzing and Visualizing Data with Microsoft Power BI from Udemy! https://t.co/1HcEZZV4xh,pos
Mar-23,"@robotnikhottake @Xvault2 LMFAO, oh god help me. Im gonna fall out of my chair. You just used google?

Okay so let me explain this as I would to child.

The games in that list include:
Beta's, EA Early Access, etc.

Game Previews are where the game is bei",neg
Mar-23,"@StefanFerrol @yumcoconutmilk Wym? Like, he and his art are misogynoir. Google it.",neg
Mar-23,"Okay, okay. Now do it w/o google, and WITHOUT the popular songs this time. https://t.co/JhxMsZqGXI",neg
Mar-23,@Calebmusicc What if Apple is the one selling substandard iphones together with the real ones? Would you boycott then?,neu
Mar-23,@FiSavvy Google,neu
Mar-23,@AdamSinger @tunguz What is google?,neu
Mar-23,"@SupremeVokul Google's malvertisement issues are bad. 

Bing is actually the better search engine now. Duckduck is having issues too with seo abuse",neg
Mar-23,"ok so according to google ramadan ends on the 21st &amp; if everything goes according to plan &amp; if the liars didn‚Äôt lie, then finale is on the 28th. this means we can have halvet on the finale &amp; what a great way to say goodbye to an iconic couple like #umren?! ü•≤ #tuzak https://t.co/ta4WlTyPcK",neg
Mar-23,i had to google to see if this was real bc i was convinced that was dennis and this was an always sunny bit https://t.co/usgNDuNrcm,neu
Mar-23,@CaitlinLong_ @CreditSuisse As we have known for years the SNB has made money out of literally NOTHING and bought Apple Stock.  Do you get what that means???,neg
Mar-23,"@LeakerApple ""Apple Fan Boy"" is his tagline though he is a Android userüòÇ",pos
Mar-23,"weekly oracle messages
march 19 - 25
apply to your sun, moon &amp; rising signs. 

RT &amp; spread the blessings. https://t.co/lbQIq19TBY",neu
Mar-23,"@NotAznable It's way better than what Google offers, you can keep up the tempo of a conversation with the voice function",neg
Mar-23,Microsoft Tests Web3 Wallet Integration in Edge Browser https://t.co/01ZLWRapin,neu
Mar-23,@mr2218925 @lacliquebangtan @stallseok you can look up the guests for the future shows on google and i think before it was announced they saw that a day was still blank and figured it out :'// saw some people speculating about it i guess they were right,neg
Mar-23,"s ~ Secret - WJSN
n ~ No - CLC
o ~ One Shot, Two Shot - BoA
w ~ What - Dreamcatcher
a ~ Apple - GFRIEND
n ~ Naughty - Red Velvet/I&amp;S
g ~ Genie - SNSD
e ~ Every Night - EXID
l ~ LA DI DA - Everglow
v ~ Voice - LOONA
8 ~ 808 - ONEUS https://t.co/alUhJnjrzb",neu
Mar-23,all of these are from the og you are the apple of my eye https://t.co/isa4PYlgVa,pos
Mar-23,"Neo Oracle : What are fields...endless fields, were born into the Adam's Street bridge.",neu
Mar-23,"#NowPlaying from Apple Music(iOS)
üéµD.M.F
üë§Merm4id
üíøAround and Around - EP https://t.co/Jedw5iYrvi",neu
Mar-23,"If all it takes for someone ""trying to change"" to completely derail from doing so is one google search of an important topic and one click into a random video made by some dipshit pretending to run a university, then maybe that person wasn't actually trying to change.",neg
Mar-23,"@pjmstolemyheart US/PR Army, remember that you can stream the MV on Apple Music too !! The views will count. You can make PL where you mix audio and MV ü•∞",pos
Mar-23,@seasongbird @winxhannie i haven't made chicken ever. i just drink apple juice and boil pasta,neu
Mar-23,just had green apple medicine and it tasted like shit AND they coloured it GREEN it looked like snot üíÄ https://t.co/slh4384zit,neg
Mar-23,@GregCampNC @SoundsOfNyx @cannoli1000 @PhysicistTx @lDragonheartl @ShaneAnffyddiwr @TheArt4ulDodg3r @Paula_White @crazygodstory Could say the same thing about the same google searches you put in. You put a fancy link. You see what the sites name is. Learn,neu
Mar-23,"@BigJoeBastardi You can type anything in Google, the results are what might be hard to find.",neg
Mar-23,@SpotifyUSA your android app CONSTANTLY crashes while I am streaming to my Google Chromecast. It crashes SO bad that I have to completely force close the entire app otherwise Chromecast won't even show up as an OPTION. Pic 1 no Chromecast. Pic 2 after app,neg
Mar-23,"@StolenRealism @JamesLauder12 @waltermasterson Your entire timeline reads like ‚Äúresearch‚Äù why the fuck do I need to do the research for an expert CNN article skimmer such as yourself? Of course your sources contain no such information, google it. It‚Ä",neg
Mar-23,"@stinkythinktank It‚Äôs on Apple Tv+, so I guess my mom and I are about to watch it lol",pos
Mar-23,@johnnysimpist try google you‚Äôll feel much better afterwards,pos
Mar-23,"@ZX48kSpectrum tis a superb film, best in the franchise üé¨üëç.. I love an alternative film poster, I usually go on Google, type in the film I'm watching followed by ""artistic film poster"" then click on 'images' &amp; it comes up with multiple brilliant",pos
Mar-23,I very much respect this era of the Power Suit but after watching Bad Sisters on Apple TV+ I just want sweaters. Can we rally around sweaters,pos
Mar-23,"Natures Elixir‚Ä¶.                                   Forsythia, Apple &amp; Pear Blossoms https://t.co/N9NclJodQ7",neu
Mar-23,"@EndWokeness Bill Gates is a college dropout who scammed Tim Paterson, who was working on a modified CP/M (old OS) for 8086, out of a source code license and then with minor changes sold it to IBM as MS-DOS.  It was 4000 lines of code, which is tiny.  The",neg
Mar-23,xr bat life from 94% to 89% y apple y,neg
Mar-23,"Charlie DJ Mix #NowPlaying GT_Ofice,Romi Lux,Salvo - SPELL

Charlie DJ Mix: https://t.co/YFctygOFMd
Charlie: https://t.co/rytaI8x136
Google Play: https://t.co/iyZ3AbJHVD

#dj #music #radio #tunes #hits #onlineradio https://t.co/u4cCMwlsa3",neu
Mar-23,"Charlie Country #NowPlaying Dierks Bentley,BRELAND,HARDY - Beers On Me

Charlie Country: https://t.co/JoncITFdls
Charlie: https://t.co/rytaI8x136
Google Play: https://t.co/iyZ3AbJHVD

#country #music #radio #tunes #onlineradio https://t.co/vkYiP9di1a",neu
Mar-23,@edwardodell apple or egg,neu
Mar-23,@aidacortes66 No .Google morning Great,pos
Mar-23,"ìÇã wts lfb want to sell

‚§∑ darcy photofolio; d:d dimension dilemma; standard rpc; b:do border day one; apple won
‚§∑ onhand own pull + mint condi
‚§∑  PHP 3300
‚§∑ mop: gcash 
‚§∑ sdd mm/ sco

# bts proof jungwon heeseung jake sunghoon ni-ki riki jungkook pc taehyung https://t.co/jo9ySnSAmn",neu
Mar-23,"Microsoft 365 Copilot, an AI-powered assistant, will transform work by producing first drafts, summaries, and other documents using large language models and your data. It's in apps like Word, Excel, PowerPoint, Teams, and Outlook‚Ä¶https://t.co/MuViWQg1lD https://t.co/7HKAR7UpQB",neu
Mar-23,@dasuperbackup thats called an apple,neu
Mar-23,"@apple_and_I I‚Äôm in need of spring so bad. Winter is cool for a couple months, but it‚Äôs been 5 months now and I‚Äôm done‚Ä¶üòÇ",neg
Mar-23,Kai's Pain Management CBD Store on Google: https://t.co/e4Rgs5TvGx,neu
Mar-23,@molayooo LoL guys can do that üòÄ or Apple ID,pos
Mar-23,I also just sent an 85$ termination fee to the website they provided only to Google it and find out the same company has been sued by the state of New York? The entire state of New York? And now I can't have that money back. I'm also positive my contract hasn't been terminated.,neg
Mar-23,@MrPissant @frickenchris @Keoni_DiFranco is Google not a thing where you are?,neu
Mar-23,@zachknowsball @BenDiesel313 @PFF_Fantasy I dont need google to know how shit it was,neg
Mar-23,"@JoelBrownMD @ZeekArkham @elonmusk I asked Google if brushing your teeth is racist. Sure enough! After all, what color teeth are you trying to achieve? See? Racist! üôÑ",neg
Mar-23,"The best Mac accessories - 9to5Mac 
#SEO #Google #Apple  #IOS #cybersecurity #Robotics #AI 
https://t.co/EmB9VXgWVD

As I‚Äôve overhauled my setup throughout the Apple Silicon transition and in conjunction with the Mac Studio and MacBook Pro, I‚Äôve used th... https://t.co/slKeD2pP9M",neu
Mar-23,"5.Subway airport all stp is the cheapest 2 city, more than 1 hr 2 seoul st

6.Incheon n incheon airport is diff

7.Use Naver map  n Papago app 4accuracy,google rome2rio as back up

8.1Shop all grocery at Lotte spermrket Seoul 4 tax free &gt; 30K‚Ç©",pos
Mar-23,"@SuppgradeLabs_ @williamlegate ""Trump supporters aren't violent"" he lied as he searched on google maps for Nancy Pelosi's home address

https://t.co/bIuaMRhNr0",neg
Mar-23,"My hobbies outside of languages include:
- video editing
- playing guitar &amp; piano
- songwriting/singing
- listening to music (heavy rock &amp; kpop)
- watching YouTube &amp; Netflix
- playing games on my Switch
- reading tarot &amp; oracle cards for myself &amp; others
- and, recently, reading!",neu
Mar-23,@styx_val @Velocityttv @sh1muVLRT @LaurierValorant Tell me these tweets aren‚Äôt google translated ü•≤,neg
Mar-23,@CValencianaGCF No usas Google gallego ?,neu
Mar-23,"@liltwang2 @fastrunnas_ @pierrefleury_ How do you know I could've found it? Do you have any idea what goes into historical research, or are you assuming that any source must be a simple Google search because you've never done any deep research yourself?",neg
Mar-23,Hibbett Drafts Oracle Cloud to Improve In-Store Shopping Experiences https://t.co/c9GoAwDpfy #business,pos
Mar-23,@ElanaMcdougall I've google imaged searched this Elana and there isn't anything on the web. It's a digital image,neu
Mar-23,"@elonmusk could you fix the new 2fa for non pod accounts, it‚Äôs ridiculous how difficult was it to set it on an Authenticator app such as Google Authenticator and others, for a second I wanted to to give up on my 2fa.",neg
Mar-23,"i was about to submit a letter for ryujin on via google form through a fanletter project when my laptop suddenly rained its battery. when i finally restarted and charged it, the form was already closed...",neg
Mar-23,@joel_a_t @stkirsch Hold on. Google is purposely hiding it. I‚Äôll find it for you.,neg
Mar-23,@eurypteris You can Google water main tuberculation for some nasty images üò¨ https://t.co/6ImUP9Vxc8,neg
Mar-23,"@Guy_in_Denver @GeorgePapa19 Soros is a dirty KAPO. If you don't know what that is, google it.",neg
Mar-23,"Taking a quick break to spend time with family, but I'll be back to answer your questions on the Google Form shortly. Your questions will also help shape the future F.A.Q.! If you spot any typos in the white paper, or anything else put it on the google form. Thank you!",pos
Mar-23,"ü•Ç‚ù§Ô∏è‚Äçüî•üéä https://t.co/bJyrvN7cpC üê∂‚ù§Ô∏è‚Äçüî•ü•©

Excited to announce the official release of the white paper! Launch date coming soon, stay tuned for updates from this account only. Beware of scams &amp; submit any questions through this Google Form: https://t.co/fC6i4fdpOX",pos
Mar-23,"Some people got an apple,
Some people got a tangerine,
Looking around and all I see is people happy with what they‚Äôre given,
Life is pretty sweet I‚Äôm told,
I guess I‚Äôm just shit outta luck growing a lemon tree,
I‚Äôm gonna burn it down,
And grow me something better.",neu
Mar-23,"Tbf, no one would do that for you, google is better https://t.co/06654zjnwz",pos
Mar-23,"@mochiventi I remember spending like 8k for 5 Apple chargers para meron sa bahay, sa office, sa daily bag, sa overnight bag, tska sa car üòÇ
Tapos now I don‚Äôt even use them because of wireless charging üòÖ",neu
Mar-23,@vasisht It safer this way something goes wrong. Apple allows incremental release for app developers as well,pos
Mar-23,"@whytheysaythis No i didn't, i posted it and you can also google the keywords yourself.

Go look up black men bachelor degrees interracial marriage pew research center in America.",neu
Mar-23,Slow-Cooker Utterly Delicious Apple Cobbler https://t.co/68Jkn15Pro #slowcookerrecipes,neu
Mar-23,"@christotaylo I have a massive crush on her, I must admit. Not surprised it‚Äôs got the Columbo feel to it, she‚Äôs apparently a super fan. As is Fiona Apple, interestingly enough.",pos
Mar-23,"@Kirbongos @lisa_korman @_Totally_Kyle_ @CollinRugg @kevinnbass @erichhartmann Obviously since google continues to suppress TRUTH, I'd find another outlet for my searches.",neg
Mar-23,oops my bf just used my phone to google something and my recently searched is full of calories for food... i know for sure he saw it but he hasn't said anything yet üíÄ pray for me,neg
Mar-23,@InebriateSponge iTunes is downloads (own a copy)... Apple Music is streaming (like Spotify).,pos
Mar-23,@runews Google sucks,neg
Mar-23,@smjohnson_3607 @grantstern If you google it you will be able to read it.,neu
Mar-23,@HowThingsWork_ Interesting. I thought it was how McDonalds make their hot apple pies,neu
Mar-23,"A cult that reaches back for hundred of years. They are some kind of witchers who steal the power of other supernatural beings.""

""And how did they not see you?""

""Oh, as oracle, I have the ability to be not recognized"", he shrugged ""I'm untracable for them, invisible.""",neu
Mar-23,Can you put Killerz N Loverz back on Apple Music @soldier_kidd ?,neu
Mar-23,@kelli_mae @conductress I‚Äôve always loved that little Apple Car.,pos
Mar-23,You wanna get scared? Google the court docket for where you live. Baby it ain‚Äôt nothing to play with out here! Look at what folks are being charged with. Then start noticing the patterns.,neg
Mar-23,@JCMJACE Vibes. Nose Bobas for lunch‚Ä¶ Nose beers for dinner. Bone Apple Teeth hoe ü§åüèº,neu
Mar-23,@froggieaboveall what do i type in to see photo of yall on google,neg
Mar-23,The Big Apple #NYC #Manhattan https://t.co/uFaepIhNjR,neu
Mar-23,"I came across this on a Google search that the samskrta name for ""Australia"" is ""Mahalanka"". Is this mentioned in any of the Hindu texts?  #Australia ü§îKindly educate.",neu
Mar-23,Gun Fu - Google Search https://t.co/P2pN7AjDGi,neu
Mar-23,"@BigJoeBastardi There's tons of videos.
Try checking in with Mr. Google instead of just regurgitating the b.s. you watch on Fox üòé",neg
Mar-23,@YoUisAmaZe_Yeah U have fuckin google üò≠,neg
Mar-23,"@Gooberzilla Google: ""No, Paul, it's more like that scene in 'Zodiac' where Jake Gyllenhaal goes into Roger Rabbit's basement""",neu
Mar-23,@MartianBombs @marioagomez_1 @cmaguire2008 I'm intrigued. I'll have to Google that story. Would love to have a woman owner/managing partner. Like Marge Schott. https://t.co/5DH5X5UeoG,neu
Mar-23,"Stream the hit single now on all major platforms and ask Alexa to 'Play the Apocalyptic Apes Hot Sauce Song'

Stream on Spotify: https://t.co/w9UiQm01vj
Stream on Apple: https://t.co/c7hmDZasDL
Stream on Amazon: https://t.co/m6NhDQBk4D
Stream on Tidal: https://t.co/cKN7KmWuZo",neu
Mar-23,Yep. No shame smh. Stat padding traffic cone Microsoft Excel merchant Vorp Raptor fat loser https://t.co/UCtwqtbpqt,neg
Mar-23,"@ATEEZofficial lmao I wish someone could be the Wooyoung to my San, the Seonghwa to my Hongjoong, the Yunho to my Mingi, The apple to my Jongho and the chicken to my Yeosang. Anyone wanna be my homie??",pos
Mar-23,Absolutely NONE of you bitches are allowed to ask for my Apple Pay. Just a poor excuse to get my number and rip me off. Think twice before disrespecting me.,neg
Mar-23,@lilduval Google Pixel 7 Pro best phone I've ever had. I've had iPhone Samsung and Sony before. Google is going to take over and their only downfall is they didn't start sooner,pos
Mar-23,I was today years old when I realized you could download apple music to your playstation,pos
Mar-23,let me reintroduce myself - Google Search https://t.co/ei3lpm1XDA,neu
Mar-23,"@KaranoirN @notcapnamerica Aight I apologize for that last part. 

The point is no one would do that. There are ways to find out if your s/o is a flirt. 
The oldest trick is a woman bringing her man around women she knows will flirt with him. 
Looking up ",neg
Mar-23,"@mariana057 I dunno but you should google what this object ""This"" is and figure out how to fix it.

it sounds dangerous if she left the house because of it!",neg
Mar-23,"""I love Flowland."" says Rusty on Google, via @Birdeye_ https://t.co/M97wgrDAdc",pos
Mar-23,"@OtakuHunt3r @RetroGamerGuy76 @XxiKGixX Sony should of reached out for a deal. They did not.

Just like Microsoft has to do if they want Sony games.",neg
Mar-23,"For @tommywelty 
Spotify: https://t.co/iD2AM9bXBh 
Apple: https://t.co/4LzxPRP7wS",neu
