,Text,Label
0," Mr Brody, this is the Internet community, full of knowledge and google bits, tell us what you need and maybe we can help you out.",pos
1,. Infrastructure grew 125% in India in the first half of fiscal year 2023 as #cloud adoption grows and enterprises choose between the best #multicloud and #hybridcloud options for their workloads. Oracle's Chris Chelliah shares more. ,pos
2,Labor board decision could force Google to negotiate with YouTube contractors  via ,neg
3,"  Precisely. Equally and alternatively, is there a way to encourage and train LLM's to crawl specific sites?

Google, and all the web spider, web crawler bots have been doing this for a long, long time; so as those versions of Chat",neg
4, I clock that tea yesterday cardi was listening about that cosmetics brand,neg
5,  Iâve never done that before â is it just as simple as suspending it in some EVOO for a while?  I can google!!  TYVM â¥ï¸,neg
6,"  also said fuck it and gave yall the google doc link

enjoy ð",neg
7,Google Messages preps redesign of voice recorder UI [Gallery] ,neu
8,  yepð­ if u translate excited with google translation it translates to horny,neg
9,"Mac in a book.

By  #simple

",neu
10,It only took 3 months but shout out  the real MVP. #2stepverification f**k you almost locked me out my shit for good. ,neg
11,"  Where have  you been ? It's already a thing.

  having trifling logistical issues. Chat has already changed millions of lives

Google's offering will be to OpenAI what Rumble is to YouTube. 

To be clear. They are having a spec",pos
12,"  Oh, and in case you are in any doubt, Red has had so many live debates, even from Google Hangout days, to numerous lives on YT. Not once has any flerf bought any evidence, for their beliefs,to the table, ever, that Red hasn't debun",pos
13,"   The courts are going to likely find the training of AI a fair use.  Many lawyers have stated as such.  There are even cases that may offer precedent for the use being fair.  See Perfect 10 v. Google and Author's Guild, I",neg
14,"  Lady if you think a guy capable of getting hired at Microsoft will have trouble getting hired elsewhere then you don't know what the guy's worth. I guess you're right, it's best for the guy she gets out his life.",neg
15,"""Outdoor living and terms like ""hardscape"" are usually mostly...""

Read more via our Google Update linked below.



#Hardscape #Atlanta 
#Hardscape_Atlanta 
#HardscapeAtlanta ",neu
16,"Not sure where this came from originally, but on a run today this came to the front of my mind, and had to go look up the old google doc I had to get the full poem.

This was brought to me during the most impactful years of my life, and is still something I try to live by",pos
17," got me this bad boy over here off amazon im pretty sure if you look up ""amazon apple pen"" this is the first thing you will see, its pretty cheap around 20 bucks ",pos
18,    Hey apple! Lol,neu
19,  At this point these unethical âgolf media personalitiesâ tweet whatever they want even when there is plenty of proof to be found in just a simple google research that what they are writing is a LIE.  No shame!,neg
20," #ControlAfricanNarratives:  Africans do not need Facebook, Twitter or Google.  Set up your own Media Platforms.  Western Media is in Africa to extract information to use against Africa worldwide. This is the new method of COLONIZATION witho",pos
21, Steve Jobs must be really upset. Apple Sells you a service  the same Regurgitated Devices. Where's the Innovation?,neg
22, Apple out,neu
23,I was charging my Apple Watchâ¦â¦. But guess who didnât turn on the  switch ð«¢ð«¢ð«¢ð«¢,neg
24, Yeah - Microsoft is really growing the AI product line. Good on them moving fast with this!,pos
25,match stopped for 20 seconds because Carlito couldn't find his apple,neu
26,"á 
trying to eat an entire apple 
in one bite
á ",neu
27, I just left them a one star review on Google Maps. ð¤ð¼,neg
28,  Lmaooo listen this has been me for weeks it finally worked today lol let it update while your sleep put them both on the charger I went to the Apple Store and everything which was a waste of time,neg
29,Beatlejazz - Another Bite of the Apple - Michelle,neu
30,"Now Playing on #PacificCoastFM
Funkisch - Gonna Be Somebody
""Hey Google, ask Pacific Coast FM to play my Radio!""

Audacy â¬ï¸ 
myTuner Radio â¬ï¸  ",neu
31," You're playing at MSG!!! 
You represent Kstate so well and we are so proud of you! I've never been happier for a player. You make the Big Apple,  Little Apple and all the rest of Wildcat Nation so proud ð Congrats!",pos
32,"  I like to think 99% of men wash their hands (maybe not very wellConfusion after a #2, but I don't want to Google research, lest the truth be appalling.",neg
33,"Microsoft announces generative AI-powered Copilot 365 to âchange work as we know itâ

 ",pos
34," Itâs my family, you think I have to Google? If we knew your name, we could look into your history too. Bakwaas band kar.",neg
35,"#NowPlaying from Apple Music(iOSConfusion
ðµLook at meâ¡
ð¤Happy Around!
ð¿Around and Around - EP ",neu
36,poodle - Google Search ,neu
37,"I'm trying to free up space in my Google account.  Does anyone know: can I delete these ""thumbSegment"" files? ",neu
38,"-Looks up on Google 'MikexJeremy' secretly- 33 Wink_or_smirk [FnafSchimdt,MikeSchmit10,]#SenpaiBot~",pos
39,"Using google maps walk times (nycConfusion
â Uni (5minConfusion
â Hospital (5minConfusion
â Schools (1minConfusion
â Supermarkets (1minConfusion
â Pharmacy (2minConfusion
â Library (13minConfusion
â Park (8minConfusion
â Bars (3minConfusion
â Corner Stores (2minConfusion
âGym/Sports Center (2minConfusion
â Cinema (3minConfusion ",neu
40,"3 in 1 Charging Station for iPhone - Wireless Charger for Apple Products Multiple Devices
ð¢$29.99 (was $69.97Confusion ð

â¡ï¸

#amazondeals #Apple #giftideas ",neu
41,"#Republican #MAGA #USA #TRUMP
My best playlist on Apple Music
ðºð¸
Youâre welcome. ðºð¸
ðºð¸ðºð¸ðºð¸ðºð¸ðºð¸ðºð¸ðºð¸ðºð¸ðºð¸ ",pos
42,"   Ive watched friends smoke meth this way and slowly kill themselves. I don't need Google, junior. I've been around the world a bit.",neg
43,   U know about google right?,neu
44,ITS FINALLY ON APPLE MUSIC I WON ,pos
45,"You can also listen to us on Google Podcast, Overcast, Amazon Podcast, iHeartRadio and soon so much more. Please continue to check out our Facebook and Twitter and please don't forget to ""Leave The Cobbler"". ",neu
46,iâm still tryna figure out why apple charging me all these damn charges ð first it was 2.99 3.99 6.99 now these mfs tryna get me for 26 dollars wtf ðð,neg
47, you save me from ever having to use google!,neg
48,Google is change my life,pos
49, the way she faked being dutch and said a slur in dutch cuz she google translated some stupid comment i hated her,neg
50,So happy that my Spartans are headed to the Big Apple ððï¸ðð¤ðð¥ð¥ literally two of my FAVORITE things ðð¤ðð¤âºï¸âºï¸ ,pos
51,"There's no need to leave Microsoft #Teams to present. You can share your Microsoft #PowerPoint slides right from your Teams meeting. ð¥ð¶

Learn how: 
#Linked  #MicrosoftEdu ",neu
52, I was curious what ALP was. I don't know who handles the Suse documentation pages but the first 3 Google links and the internal docs search for Adaptive Linux Platform all fail. ,neg
53,"Now visit the page of one of their competitors. If you don't know who that is, you can Google it or ask ChatGPT. Do the same research on the competitor's pages.",neu
54," works for visual niche like interior design.  and now its probably all filled with Midjourney images

i found several pins for coloring pages worksheets, templates rank high on google too",pos
55,  Google it. It is in his sworn deposition. Brainwashed MAGAs will never see the truth.,neg
56,  I got Google drives ,neu
57,   Do these people just not know that you can search for porn on Google or something?,neg
58," Apple is such a rip off , why is it the staple for music creation?",neg
59,(P.s. this is all written without autocorrect and at a fairly decent speed. Dont let your accuracy and cognitive ability turn to shit for temporary convenience just cuz some google or samsung wants you to be a hafl baked moron drone following what they want you to sayConfusion,neg
60,"Ryan of the        from  
 join forces and discuss the movie ""Above The Law""

Video Version 
Apple 
Spotify 
Other  ",neu
61,Apple Watch helps diagnose something it wasn't designed to find ,neg
62, I think some still use the same apple pie holder.,neu
63,"  Ever thing is racist these day just ask Google about any single item and how it is racist, there is some article written about it. It's honestly comedy at this point.",neg
64, yeah they got apple cider vinegar probiotics,neu
65,"      YouTube pays pretty well and allows donos and subs so I donât think you know what youâre talking about. 

You never said anything about why he had YouTube in his bio? 

YouTube has ",neu
66,Thinking of offering free FAB coaching on stream kind of like what woohoojin does for valorant. Probably would be a nightly stream. If people are interested in this send me a pm. Would probably be going over vod reviews that I make a google form to go through,pos
67,  Let's celebrate real woman! White and black their taking job's from real woman who deserve it. Not some guy who craves attention ( Google the price is rightConfusion this was all part of the leftists to push a narrative with this man's a,neg
68,"  Just because I didn't have time for you, poor baby. If you want to know what Trump did for this country just google his accomplishments. As far as ACA, Obama didn't even know what was in it when he signed it! Nobody did. And Bid",neg
69,Get an in-depth look at Augmented Reality from an  expert and see why #developers should learn more about it.  ,pos
70,Get an in-depth look at Augmented Reality from an  expert and see why #developers should learn more about it.  ,pos
71,My kids checked  my opinions with google now they are checking me with ChatGPT.  Iâm still winning lol.,pos
72,   It has outside the U.S. !!,neg
73,"As a #Photographer, shooting for 47 years, I still retain somewhat of a #FilmDays #MindSet

I donât depend on #Technology 2 do my job 4 me

Never used  filter

Just used âportrait modeâ 4 1st time in  #Camera app

I â¤ï¸ result but will probably never use it again ",neg
74,"  Exactly just the beginning.  More to come.  More value to be added over time.   This is like before Amazon , Tesla , Microsoft exploded in my opinion.  For some time it was stagnant then one day pewwwwwwwwwwwwn #launchpad",neg
75,"  the second largest export is weapons - but you have to construct that yourself - it is never admitted (google US Arms Exports and then Google ""Top US exportsConfusion - arms are not mentioned in US exports - yet they are around 200 Bi",neg
76,"You can currently listen to us from the links below:

Spotify: 

Anchor: 

Apple Podcast:  ",neu
77,"Looking forward to the Azure Data Services Meetup on Wed at 5Happy_face_smiley0pm AEST. Join us in Brisbane or online. Our speaker is Tony Hartigan.

 

#PowerBI #Microsoft #Businessintelligence #Excel #MVPBuzz #Office365 ",pos
78, Apple for the big view.,pos
79," DA, Bragg, please Google âMike Nifongâ and the ethical implications of trying to prosecute a case such as this.",neg
80," It's great, positive development for sure...but I'm sorry...the last time I used a Microsoft browser, I was in middle school ð",neg
81," Solar? Ok google how to make a solar panel, in coal fired furnaces they fire quarts and coal together to make photovoltaic panels, there is no method to recycle unfortunately by 2050 the excess plastics from panels will outweigh ALL plastic ",neu
82,"  The apple they are swapping are not existing apples, they print them",neu
83,"  Doing a 2 second Google image search isn't digging up.

You trawling through videos to find a picture of someone's child is though",neg
84," Hi, Love! What are you gonna do this Monday? Anw n'oubliez pas de manger votre repasð¤ (idk i stole it from Google translate to impress youConfusion",pos
85,When did they make a jellyfish blue Apple Watch band AaaaAaaaaaa ,pos
86," We discussed this on Member Welxome Hangiut which was a google meetup and shared publicly. Obviously, not discussions about who is getting financial assistance, but this secrecy is very new.",neg
87,  Just searched Google for Ted Bundy happy.,pos
88, The apple puz$y one,neg
89, Google maps is the chromium of maps now. Lots of GPS services use it for a base. There's a huge difference between the ones that do and don't.,pos
90, Whatâs that? I mean I could just Google it but Iâm sure it has more meaning for you?,neu
91,"Congratulations to Tamara Greenspan, GVP and General Manager of Oracle Federal and Canadian Public Sector Applications, for being recognized as a winner of the 2023 Federal 100. ",pos
92,"Congratulations to Tamara Greenspan, GVP and General Manager of Oracle Federal and Canadian Public Sector Applications, for being recognized as a winner of the 2023 Federal 100. ",pos
93," Maybe.. memory is very hazy.. I seem to remember they had little toys in too, like rubbery monsters for your finger tips. 

I could Google... But I'll end up in some weird 80s rabbit hole, where Parma Violets are nice still.. ðð¤£",neu
94,Why isn't there a way to set my phone so that if I google the symptoms of my illness for 5+ days it just automatically calls my doctor??,neg
95," Did you read the contents through auto translator, Google or DeepL?",neu
96, He looks alot older and fatter in this than his Google Image results would suggest.,neg
97,Since when do they have Apple Jacks pop tarts ð,neu
98,   Google when the 2nd amendment was written and when the revolutionary war began and ended. Then google when America was created as a Nation; and why France is america's oldest ally. Please do not insult your intell,neg
99,Microsoft Working on New Ethereum Wallet Amid Foray Into Crypto and NFTs: Report - The Daily Hodl via BTCnews for iOS ,neu
100,"Our client is looking to fill the position of Senior Microsoft Trainer.

âï¸ Based in Centurion/Somerset Wes 
âï¸ Permanent or Contract position 
âï¸ Salary TBD 

Please email CV's directly to cvs 

#MicrosoftTrainer #MCT #TraintheTrainer ",neu
101,"     A shockingly good idea lol. I wonder which mug is going to wake up in the morning to work their arse off to get a Microsoft, Apple, Amazon etc off the ground knowing they won't even be dead before the gove",neg
102,"WAIT google says i don't have to wait for day 1 of my period to start taking the pill, ok i'll give it another week and if there's still no sign i'll just start",neu
103,"Apple Music US albums
#11. Midnights (+1Confusion
#30. Lover (+4Confusion
#33. Folklore (+6Confusion
#42. Reputation (+6Confusion",neu
104,i found my apple pencil so my life is coming back together,pos
105,"  Oh Mary,please Google and get back to us ....",neg
106, It's crazy as hell how every company that gets involved with telling ppl how to think eventually fails. They open the doors for the competition they once dominated. At one time I figured Google untouchable. But in the last 4 years things ,neg
107,all my apple bills behind ðððð,neg
108, It has 5k reviews on Google. Itâs a Sapporo hotspot.,pos
109," The definition of full circle according to google ""return to a past position or situation, especially in a way considered to be inevitable"". Sounds like he's coming back. Key words returning to a past position.",pos
110,But no eye colour change ? ðï¸ð  ,neu
111,"   No, it was not! Google  research the notes  debates around the forming of the constitution. It is not a Christian Nation. Thatâs a lie, to keep the wool pulled over pplâs eyes. Do your own researc",neg
112, get more hype as Google is also working  set to release this monthð¥..waiting,pos
113,procure no google rapaz ,neu
114,"Google Introduces AI-Powered PaLM-E Robot Brain, Can Perform Tasks Without Needing to be Retrained #ArtificialIntelligence via  ",neu
115,"Precinct: MASSILLON 6-D
Stark County, Ohio
Location on Google maps:  ",neu
116,The only racist here is you hunnie. And also an idiot: google what spices actually are and only then tweet lol ,neg
117,Three/ Fifty/ IBM Seventy,neu
118," ""People Whining about Microsoft""",neg
119, how do they know that the google car is coming,neu
120,144Â° - Chromecast with Google TV (HDConfusion Ice White - Stream entertainment to TV - Â£25.98 With Promotion / Â£30.98 @ Amazon Italy ,neu
121,A 'minimal toolbar experience' in Microsoft's Edge browser could mean you have more screen space without enabling full-screen mode. Do you prefer a less cluttered screen?  #MicrosoftEdge #MinimalToolbarExperience #ScreenSpace ,neu
122, What is your favorite? -lips brush your adams apple to distract you in all the best ways-,neu
123, watched #TedLasso ?!  ,neg
124,  A black man that is not looking for the same qualities that a straight black man looks for. His stats are biased and flawed simple google search will show you. Other than 2% of black males are gay.,neg
125,"   Yeah my point wasn't that Mixer was offering similar incentives to join, but that even a platform backed by Microsoft, one of the biggest tech giants in the industry, failed to have long term staying power.",neg
126, Google trends,neu
127,me when I use image wrapping in a google doc: ,neu
128,"i have like,  3 different google docs open,  seems like its been a wild week for the internet",neg
129, Okay so i definitely sent a google drive so thatâs my fault ð­ Iâll just reach out to PR as well then,neu
130, CA and NY doesnât surprise me,pos
131, I'm pretty sure it's on Apple tv. They didn't promote for it,neu
132,"  Google Edward House. He was an adviser to Woodrow Wilson. House wrote a fictional book titled ""Philip Drul, Administrator. In it, it outlines the progressive endeavor to form and grow an administrative state. Trump is aligned",neu
133,"More skilling events will be coming soon!ð¥ð¥ð¥ð¥ð¥  #Google #ChimeralandBeast #Highlights 
Original: BBlastocyst ",neu
134, I do like the pencil and the apple. ð,pos
135, That's exactly what I was telling her Bing is more reliable I still use google maps though if I need to find a place,pos
136,  Isnât that the Apple thing as well where people upgrade every year ðð¤·ââï¸ why would PS put them day 1 when people will buy it on release? They smart in waiting to put it on PS+,pos
137,Fulcrum is a modern day oracle of Delphi a vessel for the demiurge,pos
138,"  Google these words and then apologize:

âwho was president in 1989â",neg
139,"Using Google Maps walk times (DEConfusion:
âUni (10 minConfusion
âClinic (5 minConfusion 
âSchools (10 minConfusion 
âSupermarkets (7 minConfusion
âPharmacy (5 minConfusion 
âLibrary (5 minConfusion
âPark (10 minConfusion
âBars (1 minConfusion
âCorner Stores (2 minConfusion 
âGym/Sports Center (1 minConfusion
âCinema (10 minConfusion

based European living ðð ",neu
140,"When I first started photography  videography, I had no idea what to charge clients. The first thing I did was google it. Although that put me in the right direction, it didnât help much more than thatâ¦",neg
141,Just finished adding this to my new email OSINT tool. I need to make some adjustments for Apple ID still though.,neu
142,   The challenge would be to clean up the side walk on the opposite side of this stretch of road also. We need to reclaim the sidewalks from home owners who have extended their gardens on public space. Also with google maps we don,neg
143,"  What is google up to with their in house
mish mash?

",neg
144,the measure app is the greatest thing apple couldve done for these iPhones,pos
145,"I just made a play by Oracle, I feel like Steph baby",pos
146,"Had no idea Augustas MarÄiulionis was on St.Mary's. Heard the announcer call his name then it took just 1 minute of seeing his body motion on the court to know he's the son of Sarunas. Moves just like him. Exactly.  Like.  Him. Apple don't fall far from the tree. 
#MarchMadness",neg
147,"   Google 3 sink method, almost all small restaurants do rhis.",neu
148," Lol.. Sony is desperate!? 
Yet Microsoftâs only option to âcompeteâ is to buy the BIGGEST publisher as well as one of the MOST PROFITABLE franchises in all of gaming! Lol.. Thatâs wild",neg
149,"  Smh meanwhile my shit been tryna install a update for the past THREE DAYS. 
They want me to say eff it and  upgrade sooo bad. Apple get on my mfn nerves!",neg
150, It's been bad for at least 5 years. The issue is now tons of people figured out the issues and have been abusing it more. These SEO/answers/malvertisements have been well documented since 2017 and Google refused to do anything about it,neg
151,"  Yep, this! Just use Google Authenticator, Authy, or the like",neu
152,"ð PRICELIST PREMIUM APP  ð

NETFLIX, MICROSOFT 365, VIU, YOUTUBE, DISNEY HOTSTAR, CANVA, VIDIO, KAHOOT, HBO GO, QUIZLET PLUS, STUDOCU,  SKILLSHARE, GRAMMARLY, SCRIBD, PICSART haha masuk ht mexico
#zonauang ",neu
153," From what Iâve seen, itâs good enough, and it hinders future innovation. It is good that Google is taking matters in their own hands as long term, they get more control and have potential to be above Snapdragon phones, not on par with them.",pos
154,  They are slowly. iPads use C. Most Macs use C. I think itâs just AirPods and iPhones now.,neu
155,"How do you use Apple Pay?

I feel like itâs supposed to be intuitive, but I done had this $25 just sitting there for a minute now. And I want to use it.",pos
156, Bad Sisters tonight on Apple - it's good! And just started reading Diane Cook's The New Wilderness.,pos
157,"  Nope. Of course a google search would've told you that, so I'm assuming you don't actually care.",neg
158,"...only sus cuz i'm a man just let me b a sad pathetic traumatized old man in a perpetual midlife crisis. when i said ""shirtless teen boys"" i meant pics like this i found on google stuff that's been circulated in the community for decades not personal BCs or actual nude CP ",neg
159,   I am afraid to google FUPA ðð¤¢,neg
160,  Ukraine routinely impressions political rivals because it is the most corrupt government in the world. The United States is no longer the beacon of liberty to the world â it is showing how corrupt the legal system has become. New Y,neg
161,  Google a fake capper âIâm 60% I swearâ thatâs you lmfao. âI make 2 bets on 1 game so I never loseâ thatâs you. âI have multiple plays todayâ the proceeds to lose his bets and disappears LMFAO. Even other call,neg
162,Do you not realize google is woke and hiding you the truth!!  Not a good source. ,neg
163,Microsoft Tests Web3 Wallet In ,neu
164,"""CSkeptical_annoyed_undecided_uneasy_or_hesitantProgram Files (x86Confusion\Google\Chrome\Application\chrome.exe"" --incognito ",neu
165, Follow the trail of Congress who received campaign donations from META  Google then see their stance on the TikTok ban. It should make sense then.,neg
166,"Episode 18 is up!
In this episode we discuss and review the highly anticipated 2023 release of Hogwarts Legacy!

Check it out:
Spotify: 

Apple: 

YouTube: 

Art by  ",neu
167,Apple finally got their lil $2.99 from me. Fuck them fr ð,neg
168,   Dude your facts are as easy as getting a fucking apple. Any of the shooting happened in any of those states? Like I said someone bought it for them. Will banning guns cut down on knife crime no or any other crime. Use common sen,neg
169,"  Google, define  Beta male....
Here you go, this schmuck. ",neg
170,lol lemme post on priv + upload to google photos and delete . WHY DO I TAKE SO MANY SCREENCAPS,neg
171,         Neither can you all you have also is your won option and google searches same as me,pos
172,"Smoked glazed pecans with apple wood, glaze is brown sugar, honey, and cinnamon. Need to control the heat a little more, this was my first attempt. ",neu
173,NOW PLAYING: Fiona Apple - I Know âªâ«ê°ï½¥â¡ï½¥à¹ ê±â«âª,neu
174,  Apple needs to go back and make an iPhone 9,neg
175, iâve played the quake google chrome app,neu
176," Alright. Maybe I can help with the datasets.
I build webmaps [similar to google maps].",neu
177," Old-style? I have an apple peeler and a corer, but now Iâm really wondering if Iâm missing out on something.",neu
178,Been vibin with the fig apple Red Bull all winter. But now that I can't find it anymore I just cracked an original again... damn this hits,neu
179, These smart phones are prohibitively expensive. They now cost an arm and a leg.,neg
180, i just opened google docs to work on a fic and i am not having a live laugh love time,neg
181,    Google analogy!,pos
182," Pro tip: Don't Google ""shrimping""",neg
183,A #Dreamer Or A Doer: 10 Best #Quotes From #Apple #CEO #Tim #Cook  #businessblog #businessnews #businesstips #doer #massblog,neu
184,Congrats      glad you get to play in your hometown. Take the Little Apple to the Big Apple and enjoy playing in front of your family and friends. We ð that youâre Cats!  #EMAW ,pos
185,"    Notice how Trump is shorter, even with his lifts

Also I love the casual implication that there's a Google conspiracy against Trump",neg
186,Google Parent Company Alphabet Makes Breakthrough in Quantum Computing ,pos
187, Expect to be flooded with this as Microsoft brings in 'copilot' using AI to enable powerpoint presentation by prompt. It's a new world for us puppy-refusing parents. ð¬,neg
188,"Some general steps for applying machine learning to SEO: ð¤
1-Define the problem: such as predicting search engine rankings or identifying the best keywords to target.
2-Collect data: Gather relevant data from various sources such as Google Analytics, Google Search Consoleð #seo",neu
189,Realized today that my last dog is my Avi on Google  his predecessor is my Avi on 2 other sites. Anyone else do this??? ,neu
190,"   people can prove that 1+1=2 .
People can prove that if you throw an apple, it will always fall.
Can you prove that god exists?",neu
191,Just had to see Jumbo Josh x Banban fanart on google images i'm going insane,pos
192,Why does it annoy me to no end when I see comments like âwell Eve shouldnât have ate the appleâ â¦like your goofy ass really let the colonizer condition you into blaming women as a default,neg
193, I'll believe it when #Apple claims it.,neu
194,Google will release a âself-serve toolâ to enable Stadiaâs controllers to connect to other devices next week .....Please follow to show support..... ,neu
195," It's neat that AI hype is getting people to think more about trends that have been troubling for, in some cases, ~200 years.  (Need UBI due to industrial revolution etc.Confusion

AI papers are a tiny bit of, what, our *daily* knowledge doubling?

Who co",neg
196,Google says hackers could silently own your phone until Samsung fixes its modems  ,neg
197,     Oga only Manchester United have won d treble in England ð¤£ð¤£ u can google it.,neu
198,Iâm happy to share that Iâve obtained a new certification: Analyzing and Visualizing Data with Microsoft Power BI from Udemy! ,pos
199,"  LMFAO, oh god help me. Im gonna fall out of my chair. You just used google?

Okay so let me explain this as I would to child.

The games in that list include:
Beta's, EA Early Access, etc.

Game Previews are where the game is bei",neg
200,"  Wym? Like, he and his art are misogynoir. Google it.",neg
201,"Okay, okay. Now do it w/o google, and WITHOUT the popular songs this time. ",neg
202, What if Apple is the one selling substandard iphones together with the real ones? Would you boycott then?,neu
203, Google,neu
204,  What is google?,neu
205," Google's malvertisement issues are bad. 

Bing is actually the better search engine now. Duckduck is having issues too with seo abuse",neg
206,"ok so according to google ramadan ends on the 21st  if everything goes according to plan  if the liars didnât lie, then finale is on the 28th. this means we can have halvet on the finale  what a great way to say goodbye to an iconic couple like #umren?! ð¥² #tuzak ",neg
207,i had to google to see if this was real bc i was convinced that was dennis and this was an always sunny bit ,neu
208,  As we have known for years the SNB has made money out of literally NOTHING and bought Apple Stock.  Do you get what that means???,neg
209," ""Apple Fan Boy"" is his tagline though he is a Android userð",pos
210,"weekly oracle messages
march 19 - 25
apply to your sun, moon  rising signs. 

RT  spread the blessings. ",neu
211," It's way better than what Google offers, you can keep up the tempo of a conversation with the voice function",neg
212,Microsoft Tests Web3 Wallet Integration in Edge Browser ,neu
213,   you can look up the guests for the future shows on google and i think before it was announced they saw that a day was still blank and figured it out :'// saw some people speculating about it i guess they were right,neg
214,"s ~ Secret - WJSN
n ~ No - CLC
o ~ One Shot, Two Shot - BoA
w ~ What - Dreamcatcher
a ~ Apple - GFRIEND
n ~ Naughty - Red Velvet/IS
g ~ Genie - SNSD
e ~ Every Night - EXID
l ~ LA DI DA - Everglow
v ~ Voice - LOONA
8 ~ 808 - ONEUS ",neu
215,all of these are from the og you are the apple of my eye ,pos
216,"Neo Oracle : What are fields...endless fields, were born into the Adam's Street bridge.",neu
217,"#NowPlaying from Apple Music(iOSConfusion
ðµD.M.F
ð¤Merm4id
ð¿Around and Around - EP ",neu
218,"If all it takes for someone ""trying to change"" to completely derail from doing so is one google search of an important topic and one click into a random video made by some dipshit pretending to run a university, then maybe that person wasn't actually trying to change.",neg
219," US/PR Army, remember that you can stream the MV on Apple Music too !! The views will count. You can make PL where you mix audio and MV ð¥°",pos
220,  i haven't made chicken ever. i just drink apple juice and boil pasta,neu
221,just had green apple medicine and it tasted like shit AND they coloured it GREEN it looked like snot ð ,neg
222,         Could say the same thing about the same google searches you put in. You put a fancy link. You see what the sites name is. Learn,neu
223," You can type anything in Google, the results are what might be hard to find.",neg
224, your android app CONSTANTLY crashes while I am streaming to my Google Chromecast. It crashes SO bad that I have to completely force close the entire app otherwise Chromecast won't even show up as an OPTION. Pic 1 no Chromecast. Pic 2 after app,neg
225,"   Your entire timeline reads like âresearchâ why the fuck do I need to do the research for an expert CNN article skimmer such as yourself? Of course your sources contain no such information, google it. Itâ",neg
226," Itâs on Apple Tv+, so I guess my mom and I are about to watch it lol",pos
227, try google youâll feel much better afterwards,pos
228," tis a superb film, best in the franchise ð¬ð.. I love an alternative film poster, I usually go on Google, type in the film I'm watching followed by ""artistic film poster"" then click on 'images'  it comes up with multiple brilliant",pos
229,I very much respect this era of the Power Suit but after watching Bad Sisters on Apple TV+ I just want sweaters. Can we rally around sweaters,pos
230,"Natures Elixirâ¦.                                   Forsythia, Apple  Pear Blossoms ",neu
231," Bill Gates is a college dropout who scammed Tim Paterson, who was working on a modified CP/M (old OSConfusion for 8086, out of a source code license and then with minor changes sold it to IBM as MS-DOS.  It was 4000 lines of code, which is tiny.  The",neg
232,xr bat life from 94% to 89% y apple y,neg
233,"Charlie DJ Mix #NowPlaying GT_Ofice,Romi Lux,Salvo - SPELL

Charlie DJ Mix: 
Charlie: 
Google Play: 

#dj #music #radio #tunes #hits #onlineradio ",neu
234,"Charlie Country #NowPlaying Dierks Bentley,BRELAND,HARDY - Beers On Me

Charlie Country: 
Charlie: 
Google Play: 

#country #music #radio #tunes #onlineradio ",neu
235, apple or egg,neu
236, No .Google morning Great,pos
237,"ð wts lfb want to sell

â¤· darcy photofolio; Tongue_sticking_out_cheeky_playful_or_blowing_a_raspberryd dimension dilemma; standard rpc; b:do border day one; apple won
â¤· onhand own pull + mint condi
â¤·  PHP 3300
â¤· mop: gcash 
â¤· sdd mm/ sco

# bts proof jungwon heeseung jake sunghoon ni-ki riki jungkook pc taehyung ",neu
238,"Microsoft 365 Copilot, an AI-powered assistant, will transform work by producing first drafts, summaries, and other documents using large language models and your data. It's in apps like Word, Excel, PowerPoint, Teams, and Outlookâ¦ ",neu
239, thats called an apple,neu
240," Iâm in need of spring so bad. Winter is cool for a couple months, but itâs been 5 months now and Iâm doneâ¦ð",neg
241,Kai's Pain Management CBD Store on Google: ,neu
242, LoL guys can do that ð or Apple ID,pos
243,I also just sent an 85$ termination fee to the website they provided only to Google it and find out the same company has been sued by the state of New York? The entire state of New York? And now I can't have that money back. I'm also positive my contract hasn't been terminated.,neg
244,   is Google not a thing where you are?,neu
245,   I dont need google to know how shit it was,neg
246,"   I asked Google if brushing your teeth is racist. Sure enough! After all, what color teeth are you trying to achieve? See? Racist! ð",neg
247,"The best Mac accessories - 9to5Mac 
#SEO #Google #Apple  #IOS #cybersecurity #Robotics #AI 


As Iâve overhauled my setup throughout the Apple Silicon transition and in conjunction with the Mac Studio and MacBook Pro, Iâve used th... ",neu
248,"5.Subway airport all stp is the cheapest 2 city, more than 1 hr 2 seoul st

6.Incheon n incheon airport is diff

7.Use Naver map  n Papago app 4accuracy,google rome2rio as back up

8.1Shop all grocery at Lotte spermrket Seoul 4 tax free  30Kâcopyright",pos
249,"  ""Trump supporters aren't violent"" he lied as he searched on google maps for Nancy Pelosi's home address

",neg
250,"My hobbies outside of languages include:
- video editing
- playing guitar  piano
- songwriting/singing
- listening to music (heavy rock  kpopConfusion
- watching YouTube  Netflix
- playing games on my Switch
- reading tarot  oracle cards for myself  others
- and, recently, reading!",neu
251,    Tell me these tweets arenât google translated ð¥²,neg
252, No usas Google gallego ?,neu
253,"   How do you know I could've found it? Do you have any idea what goes into historical research, or are you assuming that any source must be a simple Google search because you've never done any deep research yourself?",neg
254,Hibbett Drafts Oracle Cloud to Improve In-Store Shopping Experiences  #business,pos
255, I've google imaged searched this Elana and there isn't anything on the web. It's a digital image,neu
256," could you fix the new 2fa for non pod accounts, itâs ridiculous how difficult was it to set it on an Authenticator app such as Google Authenticator and others, for a second I wanted to to give up on my 2fa.",neg
257,"i was about to submit a letter for ryujin on via google form through a fanletter project when my laptop suddenly rained its battery. when i finally restarted and charged it, the form was already closed...",neg
258,  Hold on. Google is purposely hiding it. Iâll find it for you.,neg
259, You can Google water main tuberculation for some nasty images ð¬ ,neg
260,"  Soros is a dirty KAPO. If you don't know what that is, google it.",neg
261,"Taking a quick break to spend time with family, but I'll be back to answer your questions on the Google Form shortly. Your questions will also help shape the future F.A.Q.! If you spot any typos in the white paper, or anything else put it on the google form. Thank you!",pos
262,"ð¥â¤ï¸âð¥ð  ð¶â¤ï¸âð¥ð¥copyright

Excited to announce the official release of the white paper! Launch date coming soon, stay tuned for updates from this account only. Beware of scams  submit any questions through this Google Form: ",pos
263,"Some people got an apple,
Some people got a tangerine,
Looking around and all I see is people happy with what theyâre given,
Life is pretty sweet Iâm told,
I guess Iâm just shit outta luck growing a lemon tree,
Iâm gonna burn it down,
And grow me something better.",neu
264,"Tbf, no one would do that for you, google is better ",pos
265," I remember spending like 8k for 5 Apple chargers para meron sa bahay, sa office, sa daily bag, sa overnight bag, tska sa car ð
Tapos now I donât even use them because of wireless charging ð",neu
266, It safer this way something goes wrong. Apple allows incremental release for app developers as well,pos
267," No i didn't, i posted it and you can also google the keywords yourself.

Go look up black men bachelor degrees interracial marriage pew research center in America.",neu
268,Slow-Cooker Utterly Delicious Apple Cobbler  #slowcookerrecipes,neu
269," I have a massive crush on her, I must admit. Not surprised itâs got the Columbo feel to it, sheâs apparently a super fan. As is Fiona Apple, interestingly enough.",pos
270,"      Obviously since google continues to suppress TRUTH, I'd find another outlet for my searches.",neg
271,oops my bf just used my phone to google something and my recently searched is full of calories for food... i know for sure he saw it but he hasn't said anything yet ð pray for me,neg
272, iTunes is downloads (own a copyConfusion... Apple Music is streaming (like SpotifyConfusion.,pos
273, Google sucks,neg
274,  If you google it you will be able to read it.,neu
275, Interesting. I thought it was how McDonalds make their hot apple pies,neu
276,"A cult that reaches back for hundred of years. They are some kind of witchers who steal the power of other supernatural beings.""

""And how did they not see you?""

""Oh, as oracle, I have the ability to be not recognized"", he shrugged ""I'm untracable for them, invisible.""",neu
277,Can you put Killerz N Loverz back on Apple Music  ?,neu
278,  Iâve always loved that little Apple Car.,pos
279,You wanna get scared? Google the court docket for where you live. Baby it ainât nothing to play with out here! Look at what folks are being charged with. Then start noticing the patterns.,neg
280, Vibes. Nose Bobas for lunchâ¦ Nose beers for dinner. Bone Apple Teeth hoe ð¤ð¼,neu
281, what do i type in to see photo of yall on google,neg
282,The Big Apple #NYC #Manhattan ,neu
283,"I came across this on a Google search that the samskrta name for ""Australia"" is ""Mahalanka"". Is this mentioned in any of the Hindu texts?  #Australia ð¤Kindly educate.",neu
284,Gun Fu - Google Search ,neu
285," There's tons of videos.
Try checking in with Mr. Google instead of just regurgitating the b.s. you watch on Fox ð",neg
286, U have fuckin google ð­,neg
287," Google: ""No, Paul, it's more like that scene in 'Zodiac' where Jake Gyllenhaal goes into Roger Rabbit's basement""",neu
288,   I'm intrigued. I'll have to Google that story. Would love to have a woman owner/managing partner. Like Marge Schott. ,neu
289,"Stream the hit single now on all major platforms and ask Alexa to 'Play the Apocalyptic Apes Hot Sauce Song'

Stream on Spotify: 
Stream on Apple: 
Stream on Amazon: 
Stream on Tidal: ",neu
290,Yep. No shame smh. Stat padding traffic cone Microsoft Excel merchant Vorp Raptor fat loser ,neg
291," lmao I wish someone could be the Wooyoung to my San, the Seonghwa to my Hongjoong, the Yunho to my Mingi, The apple to my Jongho and the chicken to my Yeosang. Anyone wanna be my homie??",pos
292,Absolutely NONE of you bitches are allowed to ask for my Apple Pay. Just a poor excuse to get my number and rip me off. Think twice before disrespecting me.,neg
293, Google Pixel 7 Pro best phone I've ever had. I've had iPhone Samsung and Sony before. Google is going to take over and their only downfall is they didn't start sooner,pos
294,I was today years old when I realized you could download apple music to your playstation,pos
295,let me reintroduce myself - Google Search ,neu
296,"  Aight I apologize for that last part. 

The point is no one would do that. There are ways to find out if your s/o is a flirt. 
The oldest trick is a woman bringing her man around women she knows will flirt with him. 
Looking up ",neg
297," I dunno but you should google what this object ""This"" is and figure out how to fix it.

it sounds dangerous if she left the house because of it!",neg
298,"""I love Flowland."" says Rusty on Google, via  ",pos
299,"   Sony should of reached out for a deal. They did not.

Just like Microsoft has to do if they want Sony games.",neg
300,"For  
Spotify:  
Apple: ",neu
