,Text,goldtruth
0,"â€Drywall's ""Work The Dumb Oracle"" album's warm bluesy abstract feel owes more to Beefheart, Hendrix and Howlingâ€trade_mark Wolf than any techno-industrial groups"" #Soundtrack #stanridgway #wallofvoodoo #filmnoir #electronicmusic #blues #guitar latest music is here:  ",positive
1,"   What is a ""fully auto clip?"" Do you even know how guns work?
 ",neutral
2,"My copy of FANTASTIC FRIGHTS arrived, marking the first time I got published in a comics anthology as a writer/artist, with my story THE ORACLE OF DEATH.

 produced a beautiful book, and Evan Waterman was an excellent editor and a pleasure to work with! ",positive
3,"Look at any university in the US, they have classes and degrees centered on proprietary tech and companies like Microsoft, Apple, Oracle. They degrade education to get people ready to work at these companies.",positive
4," Ms Joyce, Iâ€trade_markve followed your work online.  It would be super dope to receive an oracle card for 2023 from you, thank you!",positive
5," Another beautiful addition to your oracle deck!  Beautiful work siSTARðŸ’« Blessings, peace, love and amplified creation as we shift into 2023 âœ¨ðŸŒŸðŸtrade_markðŸ»â¤ï¸",positive
6,  you really had to work hard for that one ðŸ˜†,positive
7,   Can you use yourself as a well paid (salary in quotesConfusion employee example? Or you are about to give examples of the Tim Cooks of this world ðŸ˜‰ðŸ˜‰ðŸ˜‰,negative
8,"   So are Nancy pelosis stock trades and voting history. Sheâ€trade_marks some kind of Oracle, remember when she bought all that $WEED etf 3 days before Bidenâ€trade_marks announcement of the plan to decriminalize cannabis? Literal",negative
9,"I've managed to do all this with 2 kids, one a baby born this year. WHEW! Commissions, Llewellyn's Magical Almanac, personal work, + almost all of the sketches are done for the Witch's Familiar Oracle. I'm reading to start painting cards the first week of 2023!

Happy New Year! ",positive
10,"I wanted to do more, but an injury led to me focusing on smaller videos. Donkey Kong Land was way better received than I ever expected and Oracle of Seasons was a blast to work on. Yet I find myself drawn to longer videos. ",positive
11,"This has been one of the most user and developer hostile platforms I've ever worked with, and I've worked with Oracle in the past. I don't understand how developers are expected to work with SendGrid anymore.",negative
12,"  Qs:
-skipping buffer cache in oracle is simply using O_DIRECT flag on Linux correct? cuz ""direct path"" refers to user cmds like sqlldr, not WAL?
2. why can't data files work as WAL? cuz they have user/system preferred storage organ",neutral
13," Please anybody who needs writer , story and fiction, horror and true life story 
And am a complete science graduate with Oracle Data program . Please am free to work",neutral
14, She literally has a better stock market track record than the oracle of Omaha. If thatâ€trade_marks not raising a red flag nothing will.,negative
15,"  There are investment schemes like pension to care for when the salary stops coming and even with businesses the money, the profits, the income can stop coming as well",neutral
16, Capo has stopped you all from making money on the many nice bounces between all the stupid childish non substantive doom posts. He does not work hard but he works hard on presenting an oracle-like image. Fraud.,negative
17," If you are lucky to work with Oracle, then start with ADDM then ASH. #SimplyTheBest",positive
18,"Recruiting Oracle Developer 
 ðŸ¤‘ Competitive salary ðŸ¤‘ #shekere #pepsiconfamdisembaa ",neutral
19," Ensuring th@ u hv income consistently (in quotesConfusion, shld salary avenues be closed. You wonâ€trade_markt be a competent university lecturer 4eva and when that is done, savings wonâ€trade_markt last you a lifetime. U can be financially avg for your sake but ma",neutral
20," I know thereâ€trade_marks not a Dr everything but we expect a decent level of intellect for a person with such a title. A salary definitely works but just for as long as it is coming, Entrepreneurship is not necessarily becoming rich butâ€¦â€¦",negative
21,"2/5

Chainlink :

Decentralized oracle network that enables smart contracts to securely access off-chain data and resources like weather predictions, stock market .

It provides tamper-proof data to smart contracts through a decentralized network of oracles.",positive
22, work fosters partnerships between Vietnamese universities and U.S. higher education institutions such as   and  as well as companies like       #USAIDvietnam #education #Vietnamese #U,neutral
23," Twitter ke beech mein work, work ke beech mein Twitter â€¦. ðŸ˜¬ ",neutral
24,Iâ€trade_markm like the gem ðŸ’Ž deep within the cave you have to work hard to get to me for a question or advice like an oracle,neutral
25," Born to be an oracle, made to do office work ðŸ˜¢",negative
26," Administrative assistants. Itâ€trade_marks tedious work that requires intellect and a high level of organization. The job isnâ€trade_markt seen as glamorous or heroic, yet entire enterprises could collapse if the admin drops the ball. And theyâ€trade_markre paid ne",negative
27,"    Ok champ you wanna play, letâ€trade_marks play. Pelosi is a very rich woman who has spent almost her entire adult working life as a public servant - her husband has an amazingly â€˜better than Warren Buffetâ€",positive
28,"#6 #CourtesyDesk #2022topseller 

Fleur - Bouquet Champâ€‹Ãªâ€‹tre LP (SoundflatConfusion

In stock now.

Bouquet ChampÃªtre is filled with rich colors, sounds and smells inspired by The Beach Boys, The Zombiesâ€trade_mark Odessey and Oracle, France Gall, and the soul of Motown. ",positive
29,"  Viking - you do realize that when you make posts like that (lacks factsConfusion, you're not owning the libs or ANYone else. You just make yourself look sad, pathetic  very Un Uncle Sam-ish. But hey, keep up the good work!",negative
30,"Oracle $ORCL Corp. stock rises Friday, outperforms market - MarketWatch  ",neutral
31," Oracle honing in on SaaS, OCI, industry cloud (CernerConfusion and finally improving incentive structures helped stock price significantly. Hard to compare to AWS as the incumbent + stock incorporates retail, etc. Very interesting graphic / trend here ",positive
32,"I want an Oracle of Ages/Seasons Remake on one cartridge. You could start on OoA or OoS first, then after you complete Labrynna, you could venture over to Holodrum or vise versa. It could work like PokÃcopyrightmon Gold/Silver where you go from Johto to Kanto. It probably won't happen.",neutral
33, Be like you dey work with the oracle ðŸ˜’,neutral
34," Even Reserve bank of India is printing fake 10 dollar bill , law and order don't work in india .Saturn is very weak of india . America has strong Saturn , a judiciary system .",negative
35,Stock and bond markets shed more than $30tn in â€˜brutalâ€trade_mark 2022 via  ,neutral
36,    That maybe so but Tate is no oracle that has come up with the mantra to work hardâ€¦ Iâ€trade_markm sure he also worked really hard on keeping the sex trafficking on the down low tooâ€¦,negative
37,"What did the stock market teach us this year?

Cloud is over. $ORCL appreciated more in last 5 years than $AMZN.

((Oracle who's revenue is flat and income has 2x in last 5 years has appreciated more in value than Amazon who's revenue has more than doubled and income is 10x.ConfusionConfusion ",positive
38,Congratulations to  Canada! Iâ€trade_markm so proud to work at one of  Canadaâ€trade_marks Best Employers for 2022.  ,positive
39,"Oracle's  shares 3 company behaviors to improve wellbeing and performance at work, via   #MentalHealth",neutral
40,"As cool as the people around me (tying back to the insecuritiesConfusion 

I'm also afraid of working because of my identity and appearance and lack of not only social skills but work skill, That is all 

TLDR: I'm afraid of my past decisions and lack of future planing",negative
41,"Gems and community-based interventions to interpersonal violence and oracle cards and art by Frizz Kid aka Hana Shafi. I bought these prints years ago, before Iâ€trade_markd gone back to school for social work or started doing harm reduction  outreach work. Waiting for the right office! ",negative
42,  I have often wondered the same â€¦difficult to work out why ðŸ¤”ðŸ¤”,negative
43,"   Good work, any thoughts on Oracle?
Cheers",positive
44,Asake dropped to freaking body of work this yearðŸ”¥,negative
45,"Young jonn release a 10/10 body of work this year, remember that",neutral
46,"JOB OPPORTUNITY: Lead Oracle Cloud Technical Support Consultant
Salary: Â£80,000 per annum
Location: #UK #London #Manchester

For details, please contact Charlie Fenwick on Charlie.Fenwick 

#Talenterprize  #Oracle #OracleJobs #OracleCloud #ERP #Cloud ",neutral
47,"JOB OPPORTUNITY: Oracle New Business Development Director
Salary: Â£120,000 per annum
Location: #Remote #UK #London

For details, please contact Bruce Henderson on Bruce.Henderson 

#Talenterprize  #Oracle #OracleJobs #OracleCloud #Consultancy #Cloud ",neutral
48,"JOB OPPORTUNITY: Regional Sales Director
Salary: Â£110,000 per annum
Location: #Remote #UK

For details, please contact Bruce Henderson on Bruce.Henderson 

#Talenterprize #TechJobs  #Oracle #OracleJobs #OracleCloud #AWS #MicrosoftAzure #Sales #Cloud ",neutral
49,"JOB OPPORTUNITY: Oracle Fusion SCM App Support Analyst
Salary: $USD105,000 per Annum
Location: #Remote #USA

For details, please contact Chris Barry on Chris.Barry 

#OracleContractors  #Oracle #OracleJobs #OracleCloud #USAJobs #SupplyChain #Cloud ",neutral
50,"  I saw that option, but it still wouldn't work if you have your WSGB on something like Oracle Swap or Pangolin, right? 
I feel like the transfer votes is pointless? Because you need the WSGB in your wallet to count, so you wo",neutral
51,"We are Hiring for the below position
Role: ERP Analyst with Oracle Financials Exp
Location: Richmond, VA (HybridConfusion
Note: Need to work On-Site for 3 days/ Week.
If interested, can send resume to: us #erp #oracle #accounting #communication #business #data ",neutral
52,"Hiring for the below position
Role: GIS Analyst
Location: Richmond, VA (HybridConfusion
Note: Need to work On-Site 3 days/ Week.
If interested, can send resume to: us #software #python #gis #development #programming #sql #oracle #database #hardware #analytics ",neutral
53,"3Confusion Select a database of your choice..

Nowadays, NoSQL is popular in the market, but that doesn't mean SQL(RDBMSConfusion won't work. For time being, you can go with any database of your choice, whether it's MySQL, or Oracle, or MSSQL or MongoDB, or any other database.",neutral
54,  Thank you. None of them sound or look familiar. It's so odd. They published heaps of my research when I was working as a research associate + it was way more critical of policing tactics / culture than my current media work.,neutral
55, Who hired the oracle to work there and how do I get them fired,negative
56," â€¦what is happening?
Elon has to be another layer of psyop. I donâ€trade_markt believe the face of darpa is trying anything less but to work another level of control. Like the oracle",negative
57,Oracle Commodity Announces Change in Financial Year End  #NewsFileCorp #NewsfileCorp,neutral
58, Funny how I'm only allowed to use oracle JDK at work... ðŸ¤”ðŸ˜’,negative
59,"  Any idea if their ""blind oracle"" can be turned off? Or what happens if that server is compromised?

I have work to do on this topic.",neutral
60,"DailyÂ #oracle energy andÂ #advice: receiving praise or rewards for your hard work and dedication. Your investments (of money, effort, time, affection etc.Confusion are now paying off.

More like this on my YouTube channel, Pinterest, Patreon and Facebook pages

Find me atÂ www.advicetâ€¦ ",positive
61, E get some girls wey you sef go know say this one no go last and fit no be only you dey chop her work... Laye!!!,negative
62," Check work in Lagos.
- Bold 24 yr development plan.
- First IPP in Nigeria
- First state Govt to use oracle to manage payment and eliminate ghost workers
- Reduced out of school student numbers. Paid WAEC fees for all students.
- Effective an",positive
63," Haha no problem... I appreciate the response. I will definitely be there. When I'm pushing VeChain to people who don't know, I always use XY Oracle as an example of how different technologies in the crypto space can work together interoperably.",positive
64,"JOB OPPORTUNITY: Oracle Financials Functional Consultant
Salary: Â£65,000 per annum
Location: #Remote #UK

For details, please contact Bruce Henderson on Bruce.Henderson 

#Talenterprize #TechJobs Oracle #Oracle #OracleJobs #OracleCloud #ERP #Finance #Cloud ",neutral
65,"JOB OPPORTUNITY: Oracle Cloud HCM Functional Consultant
Salary: Â£90,000 per annum
Location: #Remote #UK #London

For details, please contact Bruce Henderson on Bruce.Henderson 

#Talenterprize Oracle #Oracle #OracleJobs #OracleCloud #OracleHR #Support #Cloud ",neutral
66,"JOB OPPORTUNITY: Oracle HR  Payroll Functional Consultant
Salary: Â£70,000 per annum
Location: #Remote #UK

For details, please contact Zoe Henderson on Zoe.Henderson 

#Talenterprize #TechJobs Oracle #Oracle #OracleJobs #OracleCloud #HR #Payroll #Support #Cloud ",neutral
67,"JOB OPPORTUNITY: Oracle Cloud R2R Senior Functional Consultant
Salary: Â£70,000 per annum
Location: #Remote #UK

For details, please contact Zoe Henderson on Zoe.Henderson 

#Talenterprize Oracle #Oracle #OracleJobs #OracleCloud #Finance #NewOpportunity #Cloud ",neutral
68,"JOB OPPORTUNITY: Oracle Cloud HCM Lead Consultant
Salary: Â£85,000 per annum
Location: #Remote #UK

For details, please contact Tom Coles on Tom.Coles 

#Talenterprize #TechJobs Oracle #Oracle #OracleJobs #OracleCloud #HCM #HR #Implementation #Cloud ",neutral
69,"JOB OPPORTUNITY: IT Service Delivery Manager
Salary: Â£88,000 per annum
Location: #Remote #UK

For details, please contact Tom Coles on Tom.Coles 

#Talenterprize Oracle #Oracle #OracleJobs #OracleCloud #ServiceDelivery #ITJobs #NewOpportunity #Management #Cloud ",neutral
70,"JOB OPPORTUNITY: Service Delivery Manager
Salary: $USD165,000 per Annum
Location: #Remote #USA

For details, please contact Chris Barry on Chris.Barry 

#OracleContractors #USAJobs  #Oracle #OracleJobs #OracleCloud #SCM #ERP #Support #Cloud ",neutral
71," Even their grand patron oracle (ObiConfusion and the blind followers (obidiotsConfusion have not condemned in strong terms, the heist activities of those ragtag idiots. He PO has a hidden agenda and we must work together to cage him and his disastrous agenda.",negative
72, That just means ya gotta put it under a more gentle heat! It takes longer but should work then \o/,neutral
73," Imma miss these a lot, they were amazing and loved to see them. Hope next one is my dream twilight assassin and oracle 3 Keep up the amazing work and ty",positive
74,"It's obvious that there's a decrease in confidence in $plvGLP due to the  hack. I strongly suggest for the team to work with  for an oracle for $plvGLP to allow other protocols to build on top of it safely.

18/21",negative
75, basic foundation for healthcare is free money for everyone . Once foundation is built people can move freely around the globe and work on something productive . Adult stem cells.,positive
76,"Oracle's  shares 3 company behaviors to improve wellbeing and performance at work, via   #MentalHealth",positive
77,"Sorry for being mia lately, been feeling exhausted and drained from work

Here's to hoping I'll be done soon 

",negative
78,"Oracle's  shares 3 company behaviors to improve wellbeing and performance at work, via   #MentalHealth",positive
79,Francois the time sorcerix. They keep their powers a secret to avoid being targeted by dangerous people. They work closely with the oracle to obtain historical information on ancient magic and people #oc #originalcharacter #anime #manga #art #digitalart #dreamtune #nonbinary ,negative
80,You fancy yourself king of everything but where are your advisors? Your right hand man? Your oracle? Your knights? Even your robots work for me you fools,negative
81," I've been following you since the beginning of DSadness oracle for hire. I watched you get married and have a beautiful kiddo.  You have so much talent and great creative work ethic, my only regret was not acquiring the DD books when I could. I wil",positive
82,I see the oracle thing didn't work out,negative
83,"We are helping our client find a Sr. #NetSuiteFunctionalConsultant to work on a #Remote position. If you wish to apply, visit our #SuiteSourceJobs page at:  
#IT #ERP #MultiBook #Oracle #OracleERP #Hiring #Jobs #JobSearch #Job #NowHiring #Recruiting #Career ",neutral
84,my work style is sitting completely still doing absolutely nothing for 90% of my day so i can become an oracle for one single creative idea to pass into my brain per day,negative
85,"â€œOnly when the tide goes out do you discover who's been swimming naked.â€

""If you aren't willing to own a stock for 10 years, don't even think about owning it for 10 minutes.""

-The Oracle of Omaha",negative
86,   ðŸ˜  love your work! We have tons of giveaways for #bitwitch #bitwitche holders on $avax in the Oracle Discord!,positive
87, Oh wow! These look amazing! I'm going to have to take a closer look after work!!,positive
88," what term is going to finally make ""query pipeline"" work sound hip. will the career as an Oracle DBA who can spell ETongue_sticking_out_cheeky_playful_or_blowing_a_raspberryLAIN PLAN ascend once again?",neutral
89, Im gonna need to make more art of past Samuel : glad one of my oc work got in your favorites Laughing_big_grin_or_laugh_with_glasses,positive
90,"of experience, using SAP or Oracle System is a mustConfusion.
8.Â Â Â Â Stock controllers (2-5 years of experience, using SAP or Oracle System is a mustConfusion.
9.Â Â Â Â Tax Accountant (5-7 years of experience, using SAP or Oracle System is a mustConfusion.
Quality Department:
#ØregisteredÙ„ÙŠÙ†Ø§_Ù†Ø³Ø§Ø¹Ø¯_Ø¨Ø¹Ø¶",positive
91,"using SAP or Oracle System is a mustConfusion.
5.Â Â Â Â Stock control section head (7-9 years of experience, using SAP or Oracle System is a mustConfusion.
6.Â Â Â Â Financial Analyst (4-6 years of experience, using SAP or Oracle System is a mustConfusion.
7.Â Â Â Â Financial Auditor (3-5 years
#ØregisteredÙ„ÙŠÙ†Ø§_Ù†Ø³Ø§Ø¹Ø¯_Ø¨Ø¹Ø¶",positive
92,   Is there a specific project you'll work together on,neutral
93,"Work with an official #NetSuite Alliance Partner. Apply for the Business Development Representative #BDR position at our #SuiteSourceJobs page:  

#Sales #BDR #IT #ERP #SuiteSuccess #Oracle #OracleERP #Hiring #Jobs #Recruitment #JobSearch #Job #NowHiring ",neutral
94,First day back at work and I can't connect to oracle so I've been getting paid to watch it figure it out.,negative
95, You know the resident oracle is hard at work behind the scenes ðŸ¤§ ,neutral
96,"Spaces Highlights w.  Oracles that work with identifying behavior 
Â· Social Oracles: analytics on loyalty and influence across social networks
Â· Gaming Oracle: provides users with skill and life value in specific games
Â· In-depth insight for users and projects",neutral
97,"If you work in #mentalhealth, inbox me for a #discount on #tarot and #oracle readings, and #psychic services, #sigils, #birthchart, #landscapephotography, biz  personal #consultations, #energymedicine at ",neutral
98,"  
Will games on Ultra be using zk rollups as L2s? How are they going to be getting the throughout they need for NFT swapping? Or will they be offchain sending info on a bridge like Oracle? How is all that going to work?
 ",neutral
99," No, a normal database like oracle would work just fine",neutral
